published_date,open,high,low,close,per_change,traded_quantity,traded_amount,status,sentiment_score
2019-06-12,85.0,87.0,85.0,86.0,0.0,500.0,42780.0,0,0.14492
2019-06-13,85.0,87.0,85.0,86.0,0.0,320.0,27310.0,0,0.35416000000000003
2019-06-16,90.0,90.0,83.0,83.0,-3.49,1010.0,84455.0,-1,0.11345999999999998
2019-06-17,84.0,84.0,82.0,82.0,-1.2,240.0,19980.0,-1,0.23031000000000001
2019-06-18,81.0,85.0,80.0,84.0,2.44,430.0,35850.0,1,-0.03452000000000001
2019-06-19,83.0,83.0,80.0,81.0,-3.57,660.0,53690.0,-1,-0.006020000000000009
2019-06-20,81.0,83.0,81.0,82.0,1.23,300.0,24570.0,1,0.2859
2019-06-23,81.0,82.0,81.0,82.0,0.0,160.0,13100.0,0,0.31742
2019-06-24,82.0,84.0,81.0,84.0,2.44,980.0,80470.0,1,0.26189999999999997
2019-06-25,84.0,84.0,83.0,83.0,-1.19,50.0,4170.0,-1,0.17725
2019-06-26,82.0,82.0,80.0,81.0,-2.41,300.0,24325.0,-1,0.06527000000000001
2019-06-27,80.0,80.0,78.0,80.0,-1.23,320.0,25320.0,-1,0.21595
2019-06-30,79.0,81.0,79.0,81.0,1.25,190.0,15090.0,1,0.12307000000000001
2019-07-01,80.0,80.0,79.0,80.0,-1.23,310.0,24760.0,-1,0.27244
2019-07-02,80.0,81.0,80.0,80.0,0.0,250.0,20060.0,0,0.14538
2019-07-03,79.0,80.0,79.0,79.0,-1.25,220.0,17460.0,-1,0.26924000000000003
2019-07-04,80.0,80.0,80.0,80.0,1.27,240.0,19200.0,1,0.18899
2019-07-07,81.0,83.0,81.0,83.0,3.75,190.0,15580.0,1,0.19958
2019-07-08,84.0,87.0,84.0,86.0,3.61,740.0,63350.0,1,0.21388
2019-07-09,86.0,90.0,86.0,89.0,3.49,630.0,55630.0,1,0.30886
2019-07-10,88.0,88.0,86.0,86.0,-3.37,160.0,13990.0,-1,0.17173999999999998
2019-07-11,86.0,88.0,86.0,88.0,2.33,276.0,24036.0,1,0.14021999999999998
2019-07-14,89.0,89.0,86.0,87.0,-1.14,310.0,27080.0,-1,0.13409999999999997
2019-07-15,86.0,87.0,85.0,85.0,-2.3,465.0,40070.0,-1,0.18200999999999998
2019-07-16,86.0,86.0,84.0,84.0,-1.18,430.0,36350.0,-1,0.28588
2019-07-17,85.0,85.0,84.0,84.0,0.0,470.0,39610.0,0,0.24131999999999998
2019-07-18,84.0,84.0,84.0,84.0,0.0,90.0,7560.0,0,0.32188
2019-07-21,84.0,85.0,84.0,85.0,1.19,30.0,2540.0,1,0.11137000000000001
2019-07-22,84.0,86.0,84.0,86.0,1.18,70.0,5950.0,1,0.23913
2019-07-23,85.0,89.0,85.0,89.0,3.49,390.0,33900.0,1,0.43251999999999996
2019-07-24,90.0,93.0,90.0,93.0,4.49,825.0,76220.0,1,0.29573
2019-07-25,92.0,93.0,90.0,90.0,-3.23,440.0,40370.0,-1,0.13718999999999998
2019-07-28,89.0,89.0,86.0,86.0,-4.44,220.0,19070.0,-1,0.36222
2019-07-29,85.0,85.0,85.0,85.0,-1.16,190.0,16150.0,-1,0.24358
2019-07-30,84.0,84.0,83.0,84.0,-1.18,180.0,15030.0,-1,0.40812
2019-07-31,83.0,85.0,83.0,85.0,1.19,210.0,17620.0,1,0.25755
2019-08-01,85.0,86.0,83.0,83.0,-2.35,540.0,45650.0,-1,0.32345
2019-08-04,84.0,84.0,82.0,83.0,0.0,490.0,40690.0,0,0.2833
2019-08-05,82.0,86.0,82.0,83.0,0.0,1300.0,109060.0,0,0.2905
2019-08-06,83.0,84.0,83.0,83.0,0.0,170.0,14140.0,0,0.23001999999999997
2019-08-07,84.0,84.0,82.0,83.0,0.0,310.0,25690.0,0,0.07374999999999998
2019-08-08,82.0,83.0,81.0,82.0,-1.2,290.0,23840.0,-1,0.28291
2019-08-11,82.0,83.0,81.0,83.0,1.22,260.0,21230.0,1,0.09905
2019-08-12,82.0,83.0,81.0,82.0,-1.2,380.0,30930.0,-1,0.33802000000000004
2019-08-13,81.0,81.0,81.0,81.0,-1.22,290.0,23490.0,-1,0.56951
2019-08-14,82.0,83.0,81.0,83.0,2.47,170.0,13910.0,1,0.09298000000000001
2019-08-15,83.0,84.0,82.0,83.0,0.0,240.0,19930.0,0,0.42838000000000004
2019-08-18,82.0,83.0,80.0,83.0,0.0,360.0,29340.0,0,0.42241999999999996
2019-08-19,82.0,83.0,81.0,82.0,-1.2,380.0,31230.0,-1,0.26281
2019-08-20,81.0,82.0,81.0,81.0,-1.22,240.0,19470.0,-1,0.12405
2019-08-21,81.0,81.0,78.0,78.0,-3.7,460.0,36160.0,-1,0.34135
2019-08-22,79.0,79.0,77.0,77.0,-1.28,140.0,11000.0,-1,0.23321
2019-08-25,76.0,78.0,76.0,78.0,1.3,430.0,33100.0,1,0.2778
2019-08-26,77.0,78.0,77.0,77.0,-1.28,180.0,13950.0,-1,0.31416
2019-08-27,77.0,77.0,77.0,77.0,0.0,180.0,13860.0,0,0.59649
2019-08-28,76.0,76.0,75.0,75.0,-2.6,150.0,11280.0,-1,0.32815000000000005
2019-08-29,75.0,75.0,73.0,73.0,-2.67,310.0,22960.0,-1,0.38798
2019-09-01,73.0,75.0,73.0,75.0,2.74,110.0,8150.0,1,0.34309
2019-09-02,74.0,74.0,73.0,73.0,-2.67,180.0,13240.0,-1,0.29047999999999996
2019-09-03,73.0,73.0,71.0,71.0,-2.74,950.0,68680.0,-1,0.26877
2019-09-04,72.0,72.0,71.0,71.0,0.0,290.0,20730.0,0,0.28515999999999997
2019-09-05,71.0,71.0,70.0,70.0,-1.41,270.0,19070.0,-1,0.28089
2019-09-08,70.0,71.0,70.0,70.0,0.0,260.0,18260.0,0,0.37229999999999996
2019-09-09,69.0,71.0,69.0,69.0,-1.43,350.0,24350.0,-1,0.2278666666666667
2019-09-10,69.0,69.0,68.0,68.0,-1.45,180.0,12270.0,-1,0.41484
2019-09-11,69.0,71.0,69.0,71.0,4.41,340.0,23730.0,1,0.16264444444444445
2019-09-12,70.0,71.0,68.0,68.0,-4.23,310.0,21390.0,-1,0.45255
2019-09-15,67.0,67.0,67.0,67.0,-1.47,150.0,10050.0,-1,0.11073999999999998
2019-09-16,67.0,67.0,64.0,64.0,-4.48,540.0,35590.0,-1,0.29433
2019-09-17,65.0,65.0,64.0,64.0,0.0,250.0,16100.0,0,0.52503
2019-09-19,65.0,66.0,65.0,65.0,1.56,510.0,33290.0,1,0.06966999999999998
2019-09-22,64.0,66.0,64.0,64.0,-1.54,300.0,19500.0,-1,0.57507
2019-09-23,65.0,65.0,64.0,65.0,1.56,150.0,9720.0,1,0.08508
2019-09-24,64.0,65.0,64.0,64.0,-1.54,340.0,21980.0,-1,0.26111
2019-09-25,65.0,65.0,63.0,64.0,0.0,500.0,32160.0,0,0.35043
2019-09-26,63.0,63.0,63.0,63.0,-1.56,140.0,8820.0,-1,0.19257
2019-09-29,63.0,64.0,62.0,62.0,-1.59,330.0,20860.0,-1,0.32223999999999997
2019-09-30,63.0,63.0,62.0,62.0,0.0,90.0,5610.0,0,0.13882
2019-10-01,62.0,63.0,62.0,63.0,1.61,140.0,8700.0,1,0.21088999999999997
2019-10-02,62.0,63.0,62.0,63.0,0.0,60.0,3750.0,0,0.13218000000000002
2019-10-03,63.0,63.0,63.0,63.0,0.0,60.0,3780.0,0,0.35731999999999997
2019-10-14,62.0,63.0,62.0,63.0,0.0,370.0,23000.0,0,0.30696
2019-10-15,64.0,64.0,64.0,64.0,1.59,30.0,1920.0,1,0.19283
2019-10-16,63.0,63.0,63.0,63.0,-1.56,30.0,1890.0,-1,0.28601
2020-02-18,62.0,69.0,62.0,69.0,9.52,880.0,57700.0,1,0.27171
2020-02-19,70.0,74.0,70.0,74.0,7.25,720.0,51550.0,1,0.41851000000000005
2020-02-20,75.0,80.0,75.0,79.0,6.76,1345.0,105030.0,1,0.13229
2020-02-23,80.0,84.0,80.0,83.0,5.06,875.0,71940.0,1,0.51058
2020-02-24,83.0,83.0,80.0,80.0,-3.61,2740.0,221545.0,-1,0.50988
2020-02-25,79.0,82.0,77.0,82.0,2.5,1330.0,105820.0,1,0.27154
2020-02-26,81.0,83.0,79.0,83.0,1.22,1281.0,104819.0,1,0.29084000000000004
2020-02-27,82.0,85.0,82.0,83.0,0.0,1715.0,144155.0,0,0.24659
2020-03-01,82.0,82.0,78.0,78.0,-6.02,1135.0,90775.0,-1,0.12404
2020-03-02,77.0,77.0,74.0,74.0,-5.13,150.0,11330.0,-1,0.32293
2020-03-03,73.0,74.0,71.0,71.0,-4.05,580.0,42060.0,-1,0.49937000000000004
2020-03-04,70.0,70.0,65.0,68.0,-4.23,520.0,35210.0,-1,0.3359
2020-03-05,69.0,69.0,66.0,66.0,-2.94,150.0,10130.0,-1,0.48269
2020-03-10,66.0,67.0,66.0,67.0,1.52,90.0,6020.0,1,-0.06903
2020-03-11,66.0,68.0,65.0,68.0,1.49,610.0,40280.0,1,0.41769999999999996
2020-03-12,67.0,67.0,67.0,67.0,-1.47,10.0,670.0,-1,0.3728
2020-03-15,66.0,67.0,61.0,61.0,-8.96,722.0,45754.0,-1,-0.0005099999999999937
2020-03-16,60.0,63.0,60.0,61.0,0.0,360.0,21990.0,0,0.35236999999999996
2020-03-17,62.0,63.0,62.0,63.0,3.28,350.0,21840.0,1,0.36149
2020-03-18,62.0,62.0,61.0,61.0,-3.17,240.0,14660.0,-1,0.27688999999999997
2020-03-19,61.0,61.0,61.0,61.0,0.0,60.0,3660.0,0,0.11664999999999999
2020-07-05,60.0,60.0,59.0,59.0,-3.28,170.0,10170.0,-1,0.09154
2020-07-06,58.0,58.0,56.0,58.0,-1.69,720.0,41200.0,-1,0.19136
2020-07-07,57.0,57.0,53.0,56.0,-3.45,510.0,27780.0,-1,0.21320999999999998
2020-07-08,55.0,56.0,55.0,56.0,0.0,140.0,7730.0,0,0.24474
2020-07-09,56.0,57.0,55.0,56.0,0.0,300.0,16790.0,0,0.05812000000000002
2020-07-12,56.0,56.0,54.0,55.0,-1.79,720.0,39780.0,-1,0.18034999999999998
2020-07-13,54.0,55.0,52.0,52.0,-5.45,2430.0,128510.0,-1,0.24348999999999998
2020-07-14,51.0,52.0,51.0,51.0,-1.92,400.0,20720.0,-1,-0.03824999999999999
2020-07-15,50.0,52.0,49.0,51.0,0.0,600.0,30082.0,0,0.2252375
2020-07-16,52.0,55.0,51.0,55.0,7.84,570.0,30290.0,1,-0.017369999999999997
2020-07-20,57.0,58.0,57.0,58.0,5.45,680.0,38940.0,1,0.17122
2020-07-21,58.0,58.0,57.0,58.0,0.0,1060.0,60550.0,0,0.1381
2020-07-22,57.0,57.0,54.0,54.0,-6.9,410.0,23080.0,-1,0.47384000000000004
2020-07-23,53.0,54.0,52.0,54.0,0.0,680.0,36130.0,0,0.30594
2020-07-26,53.0,54.0,51.0,54.0,0.0,1030.0,54510.0,0,0.3148
2020-07-27,53.0,53.0,50.0,51.0,-5.56,1576.0,80263.0,-1,0.10075
2020-07-28,52.0,54.0,52.0,53.0,3.92,1097.0,57521.0,1,0.20341
2020-07-29,54.0,58.0,54.0,58.0,9.43,470.0,26790.0,1,0.24018
2020-07-30,59.0,63.0,59.0,63.0,8.62,1995.0,123450.0,1,0.18044285714285715
2020-08-02,66.0,67.0,63.0,64.0,1.59,3640.0,238500.0,1,0.29377
2020-08-03,63.0,63.0,58.0,63.0,-1.56,1210.0,73270.0,-1,0.04307999999999999
2020-08-05,62.0,62.0,57.0,57.0,-9.52,1093.0,64672.0,-1,0.27409
2020-08-06,56.0,57.0,54.0,56.0,-1.75,880.0,48980.0,-1,0.28842
2020-08-09,55.0,58.0,54.0,58.0,3.57,890.0,49060.0,1,0.45133999999999996
2020-08-10,59.0,59.0,56.0,56.0,-3.45,1500.0,84490.0,-1,0.21674
2020-08-11,55.0,56.0,54.0,54.0,-3.57,1350.0,73860.0,-1,0.23603000000000002
2020-08-12,53.0,59.0,53.0,59.0,9.26,880.0,48000.0,1,0.27545000000000003
2020-08-13,58.0,61.0,55.0,57.0,-3.39,1210.0,70980.0,-1,0.3049
2020-08-16,57.0,57.0,54.0,56.0,-1.75,905.0,50185.0,-1,0.31625
2020-08-17,55.0,60.0,55.0,60.0,7.14,850.0,47350.0,1,0.35459
2020-08-18,59.0,59.0,56.0,56.0,-6.67,569.0,32687.0,-1,0.41586
2020-08-19,55.0,58.0,55.0,57.0,1.79,2180.0,123600.0,1,-0.02041
2020-08-20,56.0,57.0,55.0,56.0,-1.75,280.0,15660.0,-1,0.19016
2020-08-23,55.0,60.0,55.0,59.0,5.36,570.0,33060.0,1,0.37261
2020-08-24,58.0,62.0,56.0,62.0,5.08,3408.0,200630.0,1,0.19135
2020-08-25,62.0,63.0,59.0,62.0,0.0,1800.0,110520.0,0,0.15947
2020-08-26,63.0,64.0,61.0,62.0,0.0,328.0,20396.0,0,0.36822
2020-08-27,61.0,62.0,60.0,60.0,-3.23,2999.0,180779.0,-1,0.18708
2020-08-30,59.0,61.0,57.0,61.0,1.67,660.0,38590.0,1,0.09829000000000002
2020-08-31,60.0,65.0,59.0,61.0,0.0,1770.0,108590.0,0,0.24782
2020-09-02,62.0,67.0,61.0,67.0,9.84,9390.0,616460.0,1,0.18085
2020-09-03,68.0,72.0,68.0,72.0,7.46,6417.0,450888.0,1,0.1521111111111111
2020-09-06,73.0,73.0,69.0,73.0,1.39,3808.0,274006.0,1,0.31228
2020-09-07,72.0,72.0,67.0,68.0,-6.85,1420.0,97130.0,-1,0.29685
2020-09-08,67.0,68.0,64.0,65.0,-4.41,2075.0,136815.0,-1,0.2565
2020-09-09,64.0,67.0,64.0,67.0,3.08,1460.0,94280.0,1,0.38550999999999996
2020-09-10,66.0,69.0,66.0,67.0,0.0,1080.0,73120.0,0,0.20692
2020-09-13,66.0,68.0,66.0,67.0,0.0,1730.0,115540.0,0,0.27786
2020-09-14,66.0,73.0,66.0,73.0,8.96,8630.0,624260.0,1,0.35375999999999996
2020-09-15,74.0,80.0,74.0,80.0,9.59,7257.0,572436.0,1,0.13643
2020-09-16,80.0,88.0,80.0,88.0,10.0,4083.0,348614.0,1,0.18682
2020-09-17,89.0,96.0,89.0,96.0,9.09,3350.0,318780.0,1,0.15198
2020-09-20,97.0,105.0,97.0,105.0,9.38,27434.0,2817856.0,1,0.27663
2020-09-21,103.0,103.0,95.0,95.0,-9.52,3715.0,355655.0,-1,0.09609999999999999
2020-09-22,91.0,95.0,86.0,86.0,-9.47,5026.0,463762.0,-1,0.1994
2020-09-23,85.0,88.0,84.0,87.0,1.16,2590.0,219990.0,1,0.1393
2020-09-24,87.0,95.0,87.0,95.0,9.2,4182.0,396153.0,1,0.07325
2020-09-27,95.0,104.0,95.0,104.0,9.47,13525.0,1401365.0,1,0.21936
2020-09-28,106.0,106.0,96.0,101.0,-2.88,6953.0,698844.0,-1,0.12597
2020-09-29,100.0,111.0,97.0,111.0,9.9,21670.0,2330825.0,1,0.17936000000000002
2020-09-30,112.0,122.0,112.0,122.0,9.91,19784.0,2397515.0,1,-0.07375999999999999
2020-10-01,125.0,134.0,118.0,123.0,0.82,18391.0,2369344.0,1,0.26216
2020-10-04,123.0,123.0,111.0,121.0,-1.63,13787.0,1549578.0,-1,0.36292
2020-10-05,119.0,123.0,112.0,123.0,1.65,18352.0,2144636.0,1,0.19361
2020-10-06,122.0,132.0,117.0,132.0,7.32,17591.0,2219212.0,1,0.23422
2020-10-07,132.0,145.0,128.0,145.0,9.85,25855.0,3658478.0,1,0.40979
2020-10-08,145.0,155.0,137.0,137.0,-5.52,20475.0,2933625.0,-1,0.24489
2020-10-11,135.0,140.0,132.0,132.0,-3.65,13495.0,1815535.0,-1,0.10272999999999999
2020-10-12,131.0,134.0,126.0,133.0,0.76,12155.0,1577790.0,1,0.14456
2020-10-13,131.0,132.0,122.0,124.0,-6.77,9449.0,1185746.0,-1,0.31234
2020-10-14,122.0,124.0,113.0,115.0,-7.26,13332.0,1551755.0,-1,0.2021
2020-10-15,117.0,121.0,113.0,118.0,2.61,4390.0,509020.0,1,0.12533
2020-10-18,117.0,119.0,113.0,113.0,-4.24,3665.0,423535.0,-1,0.15006999999999998
2020-10-19,113.0,124.0,112.0,124.0,9.73,5544.0,676282.0,1,0.5029
2020-10-20,124.0,136.0,124.0,135.0,8.87,18805.0,2445249.0,1,0.221
2020-10-21,135.0,137.0,127.0,130.0,-3.7,13580.0,1772198.0,-1,0.16305
2020-10-22,128.0,130.0,126.0,128.0,-1.54,2758.0,352757.0,-1,0.11093000000000001
2020-10-28,129.0,130.0,122.0,125.0,-2.34,3900.0,486480.0,-1,0.1981875
2020-10-29,123.0,129.0,121.0,126.0,0.8,6131.0,752425.0,1,0.21384999999999998
2020-11-01,124.0,132.0,122.0,130.0,3.17,5990.0,767350.0,1,0.09621
2020-11-02,131.0,131.0,128.0,130.0,0.0,3330.0,427980.0,0,0.31209
2020-11-03,128.0,130.0,124.0,127.0,-2.31,3660.0,464130.0,-1,0.25294
2020-11-04,126.0,128.0,125.0,126.0,-0.79,2050.0,258810.0,-1,0.38143
2020-11-05,120.0,138.0,120.0,137.0,8.73,19370.0,2564490.0,1,0.23761000000000002
2020-11-08,136.0,144.0,133.0,144.0,5.11,23345.0,3284875.0,1,0.3182
2020-11-09,144.0,144.0,137.0,137.0,-4.86,11206.0,1561047.0,-1,0.38097
2020-11-10,131.0,143.0,131.0,139.0,1.46,7145.0,988480.0,1,0.32214
2020-11-11,133.0,147.0,133.0,139.0,0.0,3065.0,425175.0,0,0.46618000000000004
2020-11-12,133.0,141.0,133.0,138.0,-0.72,5841.0,797685.0,-1,0.3987
2020-11-18,136.0,138.0,126.0,130.0,-5.8,16396.0,2135238.0,-1,0.36677
2020-11-19,131.0,138.0,128.0,137.0,5.38,6579.0,885042.0,1,0.27835
2020-11-22,135.0,141.0,130.0,132.0,-3.65,13469.0,1787824.0,-1,0.38602
2020-11-23,130.0,134.0,129.0,132.0,0.0,12675.0,1671047.0,0,0.28478
2020-11-24,130.0,142.0,128.0,131.0,-0.76,2600.0,344100.0,-1,0.26669
2020-11-25,132.0,139.0,130.0,132.0,0.76,10720.0,1420520.0,1,0.40865
2020-11-26,130.0,133.0,130.0,130.0,-1.52,7264.0,954314.0,-1,0.26156999999999997
2020-11-29,130.0,130.0,126.0,130.0,0.0,8010.0,1024830.0,0,0.34541
2020-11-30,128.0,134.0,128.0,133.0,2.31,10418.0,1358902.0,1,0.35819999999999996
2020-12-01,131.0,133.0,129.0,129.0,-3.01,12020.0,1570675.0,-1,0.14897
2020-12-02,123.0,131.0,123.0,128.0,-0.78,6087.0,781843.0,-1,0.24235
2020-12-03,128.0,132.0,126.0,128.0,0.0,6055.0,776420.0,0,0.41806
2020-12-06,122.0,127.0,122.0,124.0,-3.13,4040.0,505040.0,-1,0.25057999999999997
2020-12-07,130.0,130.0,122.0,125.0,0.81,5670.0,700225.0,1,0.37523999999999996
2020-12-08,123.0,126.0,121.0,126.0,0.8,7395.0,920310.0,1,0.46254
2020-12-09,125.0,128.0,122.0,124.0,-1.59,5427.0,669664.0,-1,0.3325
2020-12-10,130.0,130.0,120.0,122.0,-1.61,3230.0,394860.0,-1,0.27474
2020-12-13,120.0,122.0,120.0,122.0,0.0,3215.0,387595.0,0,0.27870999999999996
2020-12-14,128.0,130.0,117.0,122.0,0.0,8412.0,1005923.0,0,0.40064
2020-12-15,120.0,122.0,120.0,120.0,-1.64,3380.0,409330.0,-1,0.32441
2020-12-16,118.0,120.0,117.0,118.0,-1.67,4090.0,486320.0,-1,0.33969
2020-12-17,117.0,120.0,115.0,117.0,-0.85,10610.0,1252320.0,-1,0.24519000000000002
2020-12-20,115.0,115.0,106.0,109.0,-6.84,11678.0,1270592.0,-1,0.003179999999999991
2020-12-21,107.0,109.0,100.0,107.0,-1.83,10865.0,1135395.0,-1,0.37357
2020-12-22,107.0,113.0,107.0,113.0,5.61,6682.0,740530.0,1,0.22024999999999997
2020-12-23,112.0,115.0,111.0,114.0,0.88,8184.0,921144.0,1,0.08174000000000001
2020-12-24,112.0,112.0,108.0,110.0,-3.51,1636.0,179406.0,-1,0.09448999999999999
2020-12-27,108.0,112.0,108.0,108.0,-1.82,2140.0,233640.0,-1,0.38328
2020-12-28,106.0,109.0,106.0,106.0,-1.85,3435.0,368830.0,-1,0.37343
2020-12-29,104.0,109.0,104.0,106.0,0.0,1300.0,138480.0,0,0.36377000000000004
2020-12-30,105.0,107.0,104.0,107.0,0.94,3211.0,337619.0,1,0.25916
2020-12-31,105.0,107.0,105.0,107.0,0.0,3640.0,386330.0,0,0.35325
2021-01-03,109.0,109.0,102.0,106.0,-0.93,5440.0,581533.0,-1,0.16817
2021-01-04,106.0,111.0,106.0,109.0,2.83,2465.0,266110.0,1,0.27164
2021-01-05,110.0,119.0,109.0,119.0,9.17,13483.0,1542791.0,1,0.21993000000000001
2021-01-06,124.0,127.0,113.0,114.0,-4.2,11045.0,1345160.0,-1,0.19683
2021-01-07,114.0,120.0,112.0,118.0,3.51,4845.0,573005.0,1,0.49178999999999995
2021-01-10,116.0,118.0,112.0,116.0,-1.69,2119.0,242992.0,-1,0.33535
2021-01-11,114.0,116.0,114.0,115.0,-0.86,3890.0,446540.0,-1,0.26134
2021-01-12,113.0,117.0,113.0,115.0,0.0,3290.0,379600.0,0,0.44298000000000004
2021-01-13,113.0,121.0,113.0,119.0,3.48,11061.0,1306475.0,1,0.25583
2021-01-17,114.0,120.0,114.0,118.0,-0.84,5336.0,633282.0,-1,0.29669
2021-01-18,118.0,121.0,116.0,117.0,-0.85,5076.0,603911.0,-1,0.36886
2021-01-19,117.0,119.0,116.0,116.0,-0.85,4577.0,538046.0,-1,0.16242
2021-01-20,115.0,119.0,114.0,117.0,0.86,7185.0,837015.0,1,0.23639000000000002
2021-01-21,118.0,128.0,118.0,127.0,8.55,24656.0,3006648.0,1,0.26761999999999997
2021-01-24,129.0,132.0,124.0,125.0,-1.57,13101.0,1656625.0,-1,0.31043000000000004
2021-01-25,123.0,132.0,123.0,127.0,1.6,14406.0,1826761.0,1,0.31991
2021-01-26,127.0,128.0,123.0,123.0,-3.15,6450.0,805680.0,-1,0.21191
2021-01-27,121.0,128.0,121.0,125.0,1.63,8219.0,1031163.0,1,0.40001
2021-01-28,123.0,127.0,123.0,126.0,0.8,6154.0,770939.0,1,0.26924000000000003
2021-01-31,124.0,124.0,120.0,120.0,-4.76,3572.0,434624.0,-1,0.25421
2021-02-01,118.0,127.0,118.0,124.0,3.33,5905.0,740305.0,1,0.53573
2021-02-02,122.0,128.0,120.0,124.0,0.0,8656.0,1072428.0,0,0.40378
2021-02-03,122.0,126.0,122.0,124.0,0.0,7901.0,979319.0,0,0.32821
2021-02-04,120.0,127.0,120.0,125.0,0.81,10159.0,1269256.0,1,0.32023
2021-02-07,125.0,137.0,123.0,137.0,9.6,41088.0,5417992.0,1,0.38547000000000003
2021-02-08,139.0,144.0,133.0,140.0,2.19,27078.0,3755533.0,1,0.11624999999999999
2021-02-09,140.0,141.0,133.0,135.0,-3.57,17444.0,2388891.0,-1,0.19077
2021-02-10,133.0,136.0,132.0,133.0,-1.48,6339.0,843866.0,-1,0.37722
2021-02-11,132.0,134.0,131.0,132.0,-0.75,3510.0,462400.0,-1,0.2339
2021-02-14,130.0,130.0,126.0,129.0,-2.27,5880.0,754890.0,-1,0.30416999999999994
2021-02-15,129.0,133.0,127.0,133.0,3.1,5791.0,748564.0,1,0.26054999999999995
2021-02-16,135.0,136.0,127.0,134.0,0.75,8193.0,1089403.0,1,0.29375
2021-02-17,136.0,136.0,128.0,132.0,-1.49,1605.0,209310.0,-1,0.24521
2021-02-18,130.0,132.0,128.0,129.0,-2.27,3571.0,464250.0,-1,0.38811
2021-02-21,127.0,134.0,127.0,133.0,3.1,8321.0,1098389.0,1,0.27698999999999996
2021-02-22,133.0,146.0,132.0,138.0,3.76,43693.0,6170307.0,1,0.22846000000000002
2021-02-23,144.0,144.0,131.0,137.0,-0.72,10790.0,1482253.0,-1,0.20273
2021-02-24,136.0,138.0,134.0,134.0,-2.19,6370.0,866980.0,-1,0.35818
2021-02-25,132.0,138.0,130.0,131.0,-2.24,11430.0,1525590.0,-1,0.31023999999999996
2021-02-28,129.0,129.0,124.0,126.0,-3.82,11867.0,1491872.0,-1,0.2577
2021-03-01,124.0,128.0,124.0,127.0,0.79,1855.0,233450.0,1,0.42064
2021-03-02,125.0,125.0,121.0,122.0,-3.94,6524.0,799188.0,-1,0.22877
2021-03-03,120.0,128.0,120.0,126.0,3.28,3954.0,487660.0,1,0.17143999999999998
2021-03-04,128.0,130.0,126.0,126.0,0.0,3800.0,480200.0,0,0.2065
2021-03-07,124.0,128.0,123.0,125.0,-0.79,5140.0,644860.0,-1,0.31411
2021-03-09,123.0,137.0,123.0,131.0,4.8,16363.0,2150062.0,1,0.28296
2021-03-10,125.0,144.0,125.0,144.0,9.92,48123.0,6773963.0,1,0.16062
2021-03-14,144.0,158.0,144.0,158.0,9.72,63998.0,9847723.0,1,0.31583
2021-03-15,165.0,173.0,149.0,173.0,9.49,78184.0,12874388.0,1,0.29342
2021-03-16,181.0,190.0,181.0,190.0,9.83,45114.0,8531681.0,1,0.36808
2021-03-17,199.0,202.0,171.0,173.0,-8.95,42901.0,7595410.0,-1,0.1646
2021-03-18,174.0,175.0,158.0,166.0,-4.05,38526.0,6388199.0,-1,0.19264
2021-03-21,163.0,163.0,150.0,159.0,-4.22,36167.0,5633273.0,-1,0.18967
2021-03-22,156.0,165.0,151.0,160.0,0.63,13736.0,2182167.0,1,0.24303
2021-03-23,160.0,171.0,155.0,163.0,1.88,10603.0,1722987.0,1,0.28094
2021-03-24,163.0,168.0,157.0,161.0,-1.23,14729.0,2391183.0,-1,0.47164
2021-03-25,164.0,167.0,156.0,158.0,-1.86,9376.0,1502874.0,-1,0.31118999999999997
2021-03-29,155.0,157.0,154.0,155.0,-1.9,4855.0,750917.0,-1,0.22032
2021-03-30,158.0,158.0,155.0,156.0,0.65,6595.0,1029045.0,1,0.31745
2021-03-31,155.0,158.0,153.0,154.0,-1.28,10601.0,1638946.0,-1,0.15908
2021-04-01,151.0,163.0,151.0,157.0,1.95,13746.0,2156138.0,1,0.2887
2021-04-04,156.0,166.0,153.0,164.0,4.46,24693.0,3949510.0,1,0.29391999999999996
2021-04-05,172.0,172.0,158.0,160.0,-2.44,5967.0,955379.0,-1,0.40187999999999996
2021-04-06,167.0,173.0,160.0,166.0,3.75,27149.0,4481423.0,1,0.17745
2021-04-07,173.0,173.0,160.0,161.0,-3.01,12994.0,2125971.0,-1,0.19385
2021-04-08,161.0,166.0,159.0,164.0,1.86,10035.0,1621561.0,1,0.29471
2021-04-12,166.0,171.0,162.0,163.0,-0.61,24308.0,4028062.0,-1,0.28674999999999995
2021-04-13,163.0,166.0,161.0,165.0,1.23,13720.0,2257062.0,1,0.38166
2021-04-15,162.0,171.0,162.0,164.0,-0.61,16431.0,2701947.0,-1,0.32408000000000003
2021-04-18,162.0,166.0,162.0,165.0,0.61,8942.0,1470690.0,1,0.29791
2021-04-19,162.0,165.0,160.0,163.0,-1.21,3418.0,558827.0,-1,0.16013
2021-04-20,161.0,164.0,160.0,164.0,0.61,7360.0,1188145.0,1,0.33859
2021-04-21,164.0,165.0,161.0,162.0,-1.22,8188.0,1331589.0,-1,0.39264
2021-04-22,159.0,166.0,158.0,165.0,1.85,15101.0,2460810.0,1,0.32306
2021-04-25,162.0,169.0,160.0,161.0,-2.42,19595.0,3205512.0,-1,0.25915
2021-04-26,158.0,164.0,156.0,156.0,-3.11,13861.0,2228100.0,-1,0.26568
2021-04-27,149.0,164.0,149.0,163.0,4.49,11553.0,1852009.0,1,0.27259
2021-04-28,171.0,177.0,153.0,164.0,0.61,8266.0,1381749.0,1,0.25644999999999996
2021-04-29,166.0,166.0,161.0,164.0,0.0,5060.0,827270.0,0,0.31473
2021-05-02,156.0,168.0,156.0,166.0,1.22,20246.0,3355429.0,1,0.24744000000000002
2021-05-03,168.0,169.0,164.0,164.0,-1.2,13580.0,2262470.0,-1,0.41197999999999996
2021-05-04,163.0,180.0,163.0,169.0,3.05,27375.0,4650719.0,1,0.33715
2021-05-05,172.0,185.0,172.0,185.0,9.47,85641.0,15568382.0,1,0.17878999999999998
2021-05-06,194.0,199.0,175.0,189.0,2.16,52800.0,10027476.0,1,0.17708
2021-05-09,189.0,189.0,172.0,182.0,-3.7,32066.0,5849755.0,-1,0.28441
2021-05-10,179.0,182.0,176.0,182.0,0.0,15920.0,2868365.0,0,0.35009999999999997
2021-05-11,183.0,188.0,179.0,184.0,1.1,24858.0,4527164.0,1,0.28095
2021-05-12,182.0,201.0,180.0,196.0,6.52,54427.0,10517566.0,1,0.30321000000000004
2021-05-13,205.0,212.0,190.0,212.0,8.16,69342.0,14434848.0,1,0.26406999999999997
2021-05-16,210.0,210.0,198.0,204.0,-3.77,48287.0,9816074.0,-1,0.22805
2021-05-17,207.0,214.0,200.0,210.0,2.94,42283.0,8739531.0,1,0.24610000000000004
2021-05-18,220.0,231.0,215.0,231.0,10.0,58994.0,13435477.0,1,0.12869999999999998
2021-05-19,242.0,246.0,218.0,224.0,-3.03,53397.0,12358004.0,-1,0.08706
2021-05-20,222.0,226.0,211.0,219.0,-2.23,31624.0,6898425.0,-1,0.2387
2021-05-23,219.0,234.0,211.0,229.0,4.57,33090.0,7398855.0,1,0.30037
2021-05-24,240.0,240.0,224.0,225.0,-1.75,32936.0,7560796.0,-1,0.10059999999999998
2021-05-25,221.0,247.0,221.0,247.0,9.78,70202.0,16878915.0,1,0.29318999999999995
2021-05-27,259.0,271.0,250.0,271.0,9.72,39493.0,10469177.0,1,0.33125
2021-05-30,280.0,298.0,275.0,298.0,9.96,122538.0,36164569.0,1,0.07679
2021-05-31,300.0,306.0,270.0,278.0,-6.71,66172.0,18666047.0,-1,0.09601
2021-06-01,265.0,282.0,260.0,268.0,-3.6,22902.0,6211908.0,-1,0.21858
2021-06-02,263.0,277.0,244.0,272.0,1.49,51052.0,13239968.0,1,0.10809999999999999
2021-06-03,267.0,277.0,260.0,260.0,-4.41,31757.0,8398504.0,-1,0.1593
2021-06-06,247.0,258.0,235.0,247.0,-5.0,35460.0,8677518.0,-1,0.17831
2021-06-07,243.0,270.0,243.0,269.0,8.91,34715.0,9063045.0,1,0.11229
2021-06-08,270.0,283.0,270.0,280.0,4.09,30981.0,8664389.0,1,0.29895
2021-06-09,282.0,282.0,267.0,272.0,-2.86,17918.0,4910560.0,-1,0.14233
2021-06-10,270.0,294.0,265.0,291.0,6.99,51651.0,14547270.0,1,0.05767777777777779
2021-06-13,300.0,320.0,294.0,320.0,9.97,74449.0,23116412.0,1,0.38655
2021-06-14,336.0,352.0,336.0,352.0,10.0,39973.0,14042786.0,1,0.37151999999999996
2021-06-15,369.0,387.0,335.0,359.0,1.99,106226.0,38700093.0,1,0.016720000000000002
2021-06-16,342.0,350.0,324.0,324.0,-9.75,59978.0,19749589.0,-1,0.29183
2021-06-17,318.0,335.0,294.0,320.0,-1.23,38875.0,12125746.0,-1,0.22065
2021-06-20,314.0,316.0,288.0,295.0,-7.81,29477.0,8853828.0,-1,0.03551999999999998
2021-06-21,290.0,295.0,268.0,272.0,-7.8,26926.0,7525924.0,-1,0.10807
2021-06-22,272.0,299.0,268.0,299.0,9.93,12463.0,3605867.0,1,0.43976999999999994
2021-06-23,313.0,322.0,294.0,317.0,6.02,38591.0,12037839.0,1,0.10464
2021-06-24,303.0,324.0,303.0,306.0,-3.47,14829.0,4567025.0,-1,-0.15095
2021-06-27,306.0,319.0,299.0,300.0,-1.96,13777.0,4216222.0,-1,0.22564
2021-06-28,305.0,305.0,293.0,294.0,-2.0,11272.0,3346120.0,-1,0.2198
2021-06-29,290.0,304.0,278.0,279.0,-5.1,10422.0,2989587.0,-1,0.31351
2021-06-30,276.0,306.0,261.0,292.0,4.66,12276.0,3339042.0,1,0.26067
2021-07-01,296.0,302.0,290.0,291.0,-0.34,4503.0,1323437.0,-1,0.16561
2021-07-04,287.0,290.0,279.0,284.0,-2.41,6082.0,1737240.0,-1,0.18265
2021-07-05,280.0,283.0,275.0,275.0,-3.17,4306.0,1202024.0,-1,0.18202
2021-07-06,288.0,288.0,268.0,274.0,-0.36,5035.0,1366365.0,-1,0.14997
2021-07-07,272.0,272.0,262.0,265.0,-3.28,5690.0,1512015.0,-1,0.27568000000000004
2021-07-08,265.0,285.0,260.0,280.0,5.66,7562.0,2035038.0,1,0.31351
2021-07-11,285.0,300.0,275.0,300.0,7.14,17358.0,5034525.0,1,0.35229999999999995
2021-07-12,294.0,306.0,285.0,299.0,-0.33,22147.0,6449962.0,-1,0.24529
2021-07-13,310.0,310.0,291.0,299.0,0.0,3509.0,1039854.0,0,0.2567
2021-07-14,295.0,301.0,290.0,294.0,-1.67,7914.0,2338072.0,-1,0.23696
2021-07-15,299.0,322.0,295.0,305.0,3.74,35707.0,11021110.0,1,0.21663000000000002
2021-07-18,311.0,320.0,305.0,308.0,0.98,13295.0,4130374.8,1,0.44394
2021-07-19,308.1,310.0,300.0,300.3,-2.5,16234.0,4933594.0,-1,0.39499
2021-07-20,299.0,310.0,299.0,308.0,2.56,9023.0,2757676.5,1,0.05132000000000001
2021-07-22,308.0,311.0,302.1,311.0,0.97,16301.0,5024499.0,1,0.32255
2021-07-25,317.2,330.0,314.0,330.0,6.11,58307.0,18875818.9,1,0.24139999999999998
2021-07-26,336.6,339.9,324.0,339.0,2.73,37566.0,12573049.2,1,0.29407
2021-07-27,339.0,372.9,330.0,372.9,10.0,68424.0,24422972.3,1,0.25821
2021-07-28,380.0,395.0,355.0,361.0,-3.19,72454.0,26659347.2,-1,0.16533
2021-07-29,366.0,366.0,338.0,351.0,-2.77,34008.0,11967285.4,-1,0.20863
2021-08-01,358.0,386.1,345.0,386.1,10.0,94622.0,35603878.4,1,0.4162
2021-08-02,393.8,424.7,393.8,424.7,10.0,48031.0,20354297.2,1,0.18949
2021-08-03,433.1,467.1,424.7,467.1,9.98,150098.0,68137152.8,1,0.23026999999999997
2021-08-04,476.4,513.8,465.0,513.8,10.0,97618.0,48104343.5,1,0.17989
2021-08-05,524.0,551.0,487.0,488.0,-5.02,58061.0,29499062.9,-1,0.10418000000000001
2021-08-08,488.0,520.0,457.0,496.0,1.64,92091.0,45135198.6,1,0.27212
2021-08-09,490.0,516.0,489.2,497.0,0.2,59524.0,29788057.5,1,0.1421
2021-08-10,506.0,525.0,472.0,475.0,-4.43,62655.0,30638884.4,-1,0.31013999999999997
2021-08-11,470.0,510.0,470.0,502.0,5.68,60202.0,29856789.0,1,0.2044
2021-08-12,512.0,512.0,477.3,490.0,-2.39,47241.0,23060050.6,-1,0.21884
2021-08-15,480.3,489.8,449.0,475.0,-3.06,32938.0,15334744.0,-1,0.11986
2021-08-16,483.0,503.8,450.0,490.0,3.16,29759.0,14039076.4,1,0.18751
2021-08-17,499.8,535.0,490.0,521.0,6.33,74632.0,38479707.7,1,0.34213
2021-08-18,511.0,555.9,506.0,509.0,-2.3,52904.0,27899320.7,-1,0.22446000000000002
2021-08-19,499.0,500.0,473.0,475.0,-6.68,23974.0,11649231.5,-1,0.09235
2021-08-24,465.5,465.5,427.5,427.5,-10.0,43544.0,18701010.9,-1,0.09484000000000001
2021-08-25,419.0,436.0,384.8,414.0,-3.16,27996.0,11405531.0,-1,0.14777
2021-08-26,415.0,455.4,415.0,455.4,10.0,23649.0,10597360.7,1,0.18714
2021-08-29,464.5,497.0,460.0,471.0,3.43,36686.0,17356549.6,1,0.11226
2021-08-31,462.0,475.0,442.0,443.0,-5.94,23582.0,10574801.4,-1,0.16934
2021-09-01,434.2,469.2,434.2,453.0,2.26,15775.0,7138787.5,1,0.38638
2021-09-02,444.0,458.0,434.2,437.0,-3.53,11864.0,5225752.5,-1,0.07278
2021-09-05,434.0,434.0,393.3,394.0,-9.84,27581.0,10964010.6,-1,-0.03434
2021-09-06,387.0,433.4,380.0,433.4,10.0,16650.0,6923828.2,1,0.31260999999999994
2021-09-07,442.0,460.0,433.4,436.5,0.72,11229.0,5023315.9,1,0.16870000000000002
2021-09-08,428.0,445.0,419.0,427.0,-2.18,15907.0,6835614.2,-1,0.02825999999999999
2021-09-09,435.0,453.0,420.0,438.0,2.58,14655.0,6440250.0,1,0.06552
2021-09-12,446.0,465.0,445.0,460.0,5.02,22542.0,10294155.8,1,0.2439
2021-09-13,465.0,490.0,449.0,459.9,-0.02,18382.0,8618191.7,-1,0.16521999999999998
2021-09-14,469.0,469.0,448.0,451.1,-1.91,13597.0,6154331.9,-1,0.05605
2021-09-15,460.1,460.1,433.0,440.0,-2.46,9587.0,4253547.5,-1,0.27149999999999996
2021-09-16,448.8,448.8,404.0,419.0,-4.77,14169.0,5907018.4,-1,0.2061
2021-09-20,411.0,411.0,377.1,377.1,-10.0,17454.0,6747554.0,-1,0.32052
2021-09-21,375.0,392.0,341.1,386.5,2.49,18707.0,6918976.5,1,0.18228
2021-09-22,394.0,424.0,391.0,420.8,8.87,12487.0,5161619.6,1,0.20471
2021-09-23,429.0,445.0,404.0,427.0,1.47,16586.0,6897494.0,1,0.06422
2021-09-26,418.5,418.5,385.0,393.0,-7.96,16108.0,6416020.7,-1,0.10404
2021-09-27,395.0,401.0,373.0,373.0,-5.09,11519.0,4479258.5,-1,0.09203000000000001
2021-09-28,380.4,381.0,339.0,340.0,-8.85,15419.0,5457168.0,-1,0.24257999999999996
2021-09-29,346.8,367.9,327.0,367.9,8.21,11910.0,4099476.0,1,0.21483
2021-09-30,375.2,382.0,355.0,361.0,-1.88,5798.0,2092955.0,-1,0.2972
2021-10-03,353.8,353.8,326.6,345.0,-4.43,6090.0,2057549.3,-1,-0.009150000000000002
2021-10-04,351.9,351.9,320.1,342.9,-0.61,6624.0,2187675.7,-1,0.02964
2021-10-05,349.7,350.0,339.0,343.5,0.17,5199.0,1773172.5,1,0.12938
2021-10-06,350.3,350.3,334.0,345.0,0.44,12267.0,4180547.8,1,0.05695
2021-10-10,351.9,358.0,330.0,342.0,-0.87,3339.0,1137919.0,-1,0.18243
2021-10-11,348.8,348.8,317.0,329.0,-3.8,4019.0,1318110.5,-1,0.23262999999999998
2021-10-17,335.5,355.9,326.9,345.0,4.86,2150.0,726270.0,1,0.29454444444444444
2021-10-18,351.9,351.9,310.5,310.5,-10.0,9813.0,3080454.9,-1,0.22508
2021-10-19,304.3,306.0,290.1,294.0,-5.31,5071.0,1503512.5,-1,0.3163444444444445
2021-10-20,299.0,315.0,294.0,311.9,6.09,4519.0,1386038.3,1,0.07219
2021-10-21,318.0,324.3,296.9,301.1,-3.46,4519.0,1376770.9,-1,0.21015999999999999
2021-10-24,305.0,310.9,293.0,304.8,1.23,4617.0,1391268.4,1,0.37437
2021-10-25,310.0,335.2,310.0,330.0,8.27,10872.0,3504722.0,1,0.18109
2021-10-26,336.6,363.0,336.0,363.0,10.0,17288.0,6139471.0,1,0.01603
2021-10-27,370.0,380.0,355.0,368.0,1.38,20375.0,7536986.1,1,0.08976
2021-10-28,361.0,397.0,348.0,390.1,6.01,16152.0,6010256.3,1,0.12233000000000001
2021-10-31,392.0,420.0,380.0,411.0,5.36,15512.0,6287663.0,1,0.05637000000000001
2021-11-01,411.0,419.0,390.0,390.2,-5.06,15092.0,6091708.0,-1,0.23737
2021-11-02,382.4,398.0,377.2,397.9,1.97,9725.0,3806821.9,1,0.30644
2021-11-03,400.0,410.0,388.0,388.0,-2.49,8877.0,3508107.8,-1,0.33709
2021-11-08,381.0,395.0,373.4,384.0,-1.03,9020.0,3452717.4,-1,0.38919
2021-11-09,384.0,384.0,357.7,359.0,-6.51,13158.0,4775270.8,-1,0.14973
2021-11-11,351.9,358.0,343.0,349.0,-2.79,5853.0,2046321.0,-1,0.1336
2021-11-14,350.0,357.0,341.0,341.2,-2.23,6147.0,2141189.9,-1,-0.04919000000000002
2021-11-15,348.0,369.1,348.0,367.0,7.56,5336.0,1940191.0,1,0.4535600000000001
2021-11-16,374.0,397.7,368.0,397.0,8.17,7780.0,2953455.5,1,0.22532999999999997
2021-11-17,400.0,420.0,396.0,397.0,0.0,15667.0,6350582.0,0,0.23708
2021-11-18,390.0,400.0,379.0,386.0,-2.77,11591.0,4488632.0,-1,0.24686
2021-11-21,386.0,393.7,378.8,379.0,-1.81,4800.0,1832293.0,-1,0.12471999999999998
2021-11-22,386.0,398.0,372.0,392.0,3.43,13493.0,5273741.3,1,0.1779375
2021-11-23,384.2,399.0,376.6,377.3,-3.75,7500.0,2876180.9,-1,0.12245999999999999
2021-11-24,376.0,398.4,364.0,390.4,3.47,11615.0,4465300.0,1,0.15948
2021-11-25,397.9,402.0,382.7,388.0,-0.61,7684.0,3006220.1,-1,-0.07104999999999999
2021-11-28,380.4,388.0,365.0,366.1,-5.64,14742.0,5512996.5,-1,0.15723
2021-11-29,359.0,380.0,359.0,365.0,-0.3,5668.0,2091617.3,-1,0.11888888888888888
2021-11-30,360.0,370.0,358.0,359.0,-1.64,4039.0,1468871.0,-1,0.07694000000000001
2021-12-01,366.1,380.7,357.0,367.0,2.23,4662.0,1722003.1,1,0.32481
2021-12-02,364.0,367.0,353.1,353.1,-3.79,3166.0,1137722.3,-1,0.14651
2021-12-05,346.2,355.0,332.0,334.0,-5.41,3268.0,1104422.1,-1,0.2995
2021-12-06,330.4,366.9,309.0,357.0,6.89,6400.0,2201841.0,1,0.06035999999999999
2021-12-07,364.1,384.0,348.0,364.0,1.96,14895.0,5425442.5,1,0.0472
2021-12-08,361.0,362.0,340.0,341.0,-6.32,3873.0,1333631.0,-1,0.20368
2021-12-09,334.2,341.7,323.1,327.3,-4.02,6922.0,2306381.5,-1,0.10616999999999999
2021-12-12,340.0,340.0,305.0,308.0,-5.9,6499.0,2012350.0,-1,0.028020000000000007
2021-12-13,302.0,302.0,282.3,289.0,-6.17,9050.0,2628766.7,-1,-0.05994000000000001
2021-12-14,294.0,316.9,294.0,314.0,8.65,2615.0,803803.0,1,0.14903
2021-12-15,320.0,345.0,309.0,322.0,2.55,9395.0,3132149.5,1,0.28089000000000003
2021-12-16,320.1,320.1,299.0,310.0,-3.73,3763.0,1161327.0,-1,0.21241000000000004
2021-12-20,310.0,316.0,296.0,304.0,-1.94,1911.0,580068.2,-1,0.20488
2021-12-21,305.0,334.2,300.0,317.0,4.28,3875.0,1199302.0,1,0.0061800000000000075
2021-12-22,315.0,341.0,315.0,341.0,7.57,9024.0,2968521.0,1,0.2529
2021-12-23,335.0,361.4,328.5,335.0,-1.76,11903.0,3993717.9,-1,0.22354
2021-12-26,340.0,341.0,325.0,329.0,-1.79,2862.0,946534.0,-1,0.33693999999999996
2021-12-27,325.1,330.0,302.0,302.0,-8.21,6087.0,1915577.0,-1,0.13351000000000002
2021-12-28,300.0,317.0,296.0,314.0,3.97,4002.0,1243441.5,1,0.07902
2021-12-29,314.0,320.0,305.0,316.5,0.8,2612.0,811924.5,1,-0.07497000000000001
2022-01-02,322.0,322.0,308.5,310.0,-2.05,2435.0,761206.6,-1,0.34904
2022-01-03,309.0,316.0,304.0,315.0,1.61,5931.0,1840797.0,1,0.37374
2022-01-04,309.0,320.0,308.0,315.0,0.0,3301.0,1030817.0,0,0.04494
2022-01-05,310.0,334.0,310.0,320.0,1.59,6434.0,2073866.8,1,0.33351
2022-01-06,313.6,337.9,313.6,325.0,1.56,5790.0,1870847.2,1,0.35937142857142856
2022-01-09,331.0,344.0,330.0,339.0,4.31,8803.0,2970301.9,1,0.26837
2022-01-10,345.0,365.0,334.0,350.0,3.24,19446.0,6818425.3,1,0.25122999999999995
2022-01-11,350.0,364.0,343.0,360.0,2.86,14424.0,5128369.8,1,0.08811
2022-01-12,355.0,376.0,350.1,350.8,-2.56,10352.0,3740567.0,-1,0.12423
2022-01-13,357.8,363.0,345.0,361.0,2.91,8449.0,3018867.4,1,0.24362000000000003
2022-01-16,354.0,389.6,347.0,378.0,4.71,326333.0,120751380.2,1,0.20054
2022-01-17,385.5,385.5,365.0,375.0,-0.79,105144.0,39125829.3,-1,0.24710000000000001
2022-01-18,375.0,380.0,362.8,369.0,-1.6,87786.0,32523909.0,-1,0.11389
2022-01-19,369.0,369.0,353.0,353.0,-4.34,72151.0,25928857.0,-1,0.13022
2022-01-20,347.0,368.0,347.0,368.0,4.25,59229.0,21338784.0,1,0.44454000000000005
2022-01-23,375.3,382.0,355.0,361.0,-1.9,90394.0,33314066.0,-1,0.24881999999999999
2022-01-24,368.2,368.2,340.0,343.8,-4.76,107850.0,37670215.0,-1,0.20179999999999998
2022-01-25,340.0,359.0,332.4,343.0,-0.23,46304.0,16039846.5,-1,0.17473
2022-01-26,337.3,342.0,326.0,331.0,-3.5,58047.0,19255444.4,-1,0.21071
2022-01-27,331.0,337.0,320.0,324.0,-2.11,32097.0,10471852.0,-1,0.10800000000000001
2022-01-30,330.4,350.0,330.4,345.9,6.76,53632.0,18304646.0,1,0.22391
2022-01-31,352.8,352.8,339.1,340.7,-1.5,26903.0,9256169.4,-1,0.32070000000000004
2022-02-01,344.0,357.6,334.0,356.0,4.49,73668.0,25863192.0,1,0.32547000000000004
2022-02-03,363.1,370.0,350.1,350.1,-1.66,95438.0,34372592.9,-1,0.15734
2022-02-06,351.0,358.0,337.2,340.0,-2.88,51382.0,17601326.9,-1,0.24084
2022-02-07,339.0,350.0,334.1,348.0,2.35,39185.0,13531377.2,1,0.21008
2022-02-08,354.9,369.1,340.0,344.0,-1.15,55854.0,19664285.3,-1,0.12412999999999999
2022-02-09,348.0,350.0,337.5,341.0,-0.87,26382.0,8982272.8,-1,0.19084
2022-02-10,347.8,347.8,334.5,338.0,-0.88,24822.0,8367883.0,-1,0.07115
2022-02-13,331.3,331.3,315.0,318.0,-5.92,62381.0,19965917.9,-1,0.30937
2022-02-14,318.0,329.0,315.0,320.0,0.63,30641.0,9777149.9,1,0.10640999999999998
2022-02-15,326.0,339.6,314.6,339.6,6.13,23732.0,7720656.5,1,0.25143
2022-02-16,345.0,346.0,325.0,327.0,-3.71,34459.0,11426307.0,-1,0.0010599999999999943
2022-02-17,321.2,328.0,320.7,324.0,-0.92,22444.0,7290389.3,-1,0.25277
2022-02-20,320.0,335.7,309.9,325.0,0.31,69570.0,22436998.3,1,0.03726
2022-02-21,331.0,334.0,325.0,330.0,1.54,19969.0,6593277.5,-1,0.22325999999999996
2022-02-22,336.6,352.0,332.0,347.0,5.15,92357.0,31879523.2,1,0.006779999999999992
2022-02-23,353.0,380.0,349.9,379.0,9.22,346585.0,128524294.9,1,0.13860999999999998
2022-02-24,382.0,397.8,362.5,367.0,-3.17,137710.0,51507924.7,-1,0.17872
2022-02-27,367.0,377.0,356.1,358.0,-2.45,74769.0,27224585.5,-1,0.12211000000000001
2022-02-28,358.0,372.3,334.0,335.0,-6.42,109853.0,38286845.3,-1,-0.02910999999999999
2022-03-02,330.0,340.0,318.0,323.0,-3.58,65608.0,21303232.6,-1,0.1635
2022-03-06,329.4,332.0,321.0,322.0,-0.31,27539.0,8951738.3,-1,0.11576
2022-03-07,318.0,334.0,315.0,317.0,-1.55,53534.0,17104482.6,-1,0.35171
2022-03-09,320.0,321.0,300.0,305.0,-3.79,52856.0,16182790.5,-1,0.010039999999999988
2022-03-10,300.0,323.8,299.0,314.0,2.95,41475.0,13004349.8,1,0.22258999999999998
2022-03-13,320.2,336.5,320.0,327.0,4.14,44628.0,14620198.8,1,0.26400999999999997
2022-03-14,333.5,333.5,320.0,320.3,-2.05,17679.0,5731049.2,-1,0.06669
2022-03-15,326.6,334.5,320.3,332.0,3.65,40745.0,13313290.3,1,0.26097000000000004
2022-03-16,328.0,336.9,322.0,322.0,-3.01,39012.0,12691807.7,-1,0.013480000000000002
2022-03-20,325.0,331.0,321.1,322.0,0.0,21158.0,6813656.1,-1,0.07799
2022-03-21,322.0,332.9,319.0,328.2,1.93,25908.0,8464860.6,1,0.34182
2022-03-22,321.7,341.0,321.7,332.0,1.16,37296.0,12516524.6,1,0.04798
2022-03-23,326.0,338.0,321.0,324.0,-2.41,22361.0,7274245.6,-1,0.11730999999999998
2022-03-24,324.0,332.5,315.2,323.0,-0.31,42701.0,13781934.7,-1,0.23658
2022-03-27,329.4,329.4,310.1,320.0,-0.93,47570.0,14985877.0,-1,0.17568999999999999
2022-03-28,313.6,321.9,307.0,307.0,-4.06,32174.0,10026420.0,-1,0.00544
2022-03-29,300.9,314.0,300.9,307.0,0.0,20491.0,6275001.3,1,0.20651999999999998
2022-03-30,300.9,318.0,300.9,317.9,3.55,26619.0,8313236.7,1,0.17097
2022-03-31,311.6,323.3,303.0,305.0,-4.06,31236.0,9708037.7,-1,0.18585999999999997
2022-04-03,305.0,310.9,297.0,299.0,-1.97,28466.0,8540110.4,-1,0.21116000000000001
2022-04-04,299.0,304.9,295.2,299.0,0.0,27101.0,8070952.5,0,0.43646
2022-04-05,293.1,298.9,284.2,289.0,-3.34,41821.0,12076578.9,-1,0.18075000000000002
2022-04-06,283.3,295.8,280.4,285.0,-1.38,24319.0,6996254.2,1,0.07966999999999999
2022-04-07,285.0,299.9,284.1,295.0,3.51,38865.0,11392787.4,1,0.33928
2022-04-11,299.0,306.0,280.0,288.0,-2.37,31847.0,9358549.4,-1,0.07425999999999999
2022-04-12,282.3,285.0,268.0,271.0,-5.9,36414.0,10068570.8,-1,0.18963999999999998
2022-04-13,271.0,279.0,263.8,273.9,1.07,24337.0,6622563.8,1,0.31348
2022-04-17,276.0,279.0,260.0,265.2,-3.18,13683.0,3672424.3,-1,0.19605
2022-04-18,259.9,261.1,247.0,249.8,-5.81,24667.0,6260646.5,-1,0.12978
2022-04-19,250.0,256.0,237.0,250.0,0.08,18359.0,4568298.3,0,0.23498999999999998
2022-04-20,245.0,254.0,236.2,238.0,-4.8,15193.0,3665993.0,-1,0.2686
2022-04-21,242.7,242.7,217.6,223.0,-6.3,33702.0,7713336.5,-1,0.08743999999999999
2022-04-24,227.0,245.3,226.1,245.3,10.0,33247.0,7901716.0,1,0.13623
2022-04-25,250.2,265.5,244.1,249.5,1.71,54823.0,13937846.2,-1,0.24345
2022-04-26,254.4,259.5,244.6,249.0,-0.2,18799.0,4722729.4,-1,0.12115000000000001
2022-04-27,253.9,255.8,245.0,252.0,1.2,21462.0,5377041.5,-1,0.39803
2022-04-28,255.0,258.9,241.0,246.1,-2.34,21417.0,5333831.6,-1,0.24967
2022-05-02,242.0,242.0,225.7,230.0,-6.54,24332.0,5614288.4,-1,-0.0088875
2022-05-04,230.0,234.6,217.0,228.9,-0.48,21120.0,4785622.5,-1,0.28066
2022-05-05,230.0,230.0,212.0,213.2,-6.86,23686.0,5157890.3,-1,0.29783
2022-05-08,211.0,233.0,209.0,232.0,8.82,21264.0,4600908.2,1,0.27031
2022-05-09,234.5,239.0,225.4,226.0,-2.59,22530.0,5236351.5,-1,0.27833
2022-05-10,229.0,240.0,229.0,240.0,6.19,20847.0,4924379.3,1,0.42203999999999997
2022-05-11,240.0,253.0,238.3,253.0,5.42,29766.0,7366388.7,1,0.39238
2022-05-12,256.0,263.0,245.1,248.0,-1.98,47573.0,12130957.6,-1,0.25009000000000003
2022-05-17,243.1,244.0,230.0,231.0,-6.85,16150.0,3823682.4,-1,0.16216999999999998
2022-05-18,227.0,247.9,222.2,240.0,3.9,17829.0,4201786.1,1,0.15093
2022-05-19,244.8,248.5,230.5,235.0,-2.08,20026.0,4784417.3,-1,0.04369
2022-05-20,231.2,239.0,230.9,234.0,-0.43,9338.0,2173371.7,1,0.16433
2022-05-23,233.0,233.0,225.0,227.3,-2.86,11658.0,2673935.2,-1,0.21067
2022-05-24,225.1,238.0,225.1,234.5,3.17,10737.0,2522027.5,1,0.07705000000000001
2022-05-25,238.9,243.0,234.0,235.0,0.21,18303.0,4365366.0,-1,0.27193999999999996
2022-05-26,239.6,244.4,232.0,236.0,0.43,8685.0,2053498.5,-1,-0.025160000000000005
2022-05-27,239.7,245.0,230.3,233.0,-1.27,9733.0,2280459.6,-1,0.16342
2022-05-30,237.5,237.5,222.1,224.0,-3.86,10904.0,2460943.1,-1,-0.03763999999999999
2022-05-31,221.0,232.0,220.0,223.0,-0.45,13153.0,2962723.6,1,0.17069
2022-06-01,225.0,229.3,220.0,224.7,0.76,10430.0,2327403.5,-1,0.14601999999999998
2022-06-02,229.1,229.1,219.6,222.5,-0.98,7807.0,1741643.4,-1,0.06903
2022-06-03,226.5,226.5,216.0,220.0,-1.12,19103.0,4180881.7,-1,0.054200000000000005
2022-06-06,223.0,226.9,217.6,221.0,0.45,26251.0,5858602.3,-1,0.08366
2022-06-07,225.4,225.4,213.0,215.0,-2.71,14696.0,3169509.3,-1,0.04664
2022-06-08,218.8,229.9,211.0,222.5,3.49,19668.0,4364348.0,1,0.20798999999999998
2022-06-09,225.0,229.0,215.1,217.0,-2.47,23155.0,5154275.0,-1,0.35299
2022-06-10,221.3,221.3,213.0,215.0,-0.92,14988.0,3230894.1,-1,0.12125
2022-06-13,211.5,215.0,210.0,211.9,-1.44,18986.0,4021932.6,1,0.11778999999999999
2022-06-14,211.0,211.1,205.0,205.5,-3.02,17708.0,3675248.5,-1,0.31447
2022-06-15,202.0,209.0,198.1,202.5,-1.46,10565.0,2139128.0,1,0.19175
2022-06-16,199.0,210.1,198.5,203.0,0.25,10871.0,2231209.8,1,0.25145
2022-06-17,206.9,206.9,202.0,204.0,0.49,19700.0,4007830.5,-1,0.12373
2022-06-19,207.9,207.9,194.3,195.0,-4.41,10561.0,2090717.1,-1,0.20827999999999997
2022-06-20,192.0,198.0,183.0,190.0,-2.56,27893.0,5207338.7,-1,0.25505
2022-06-21,186.2,198.9,186.2,198.0,4.21,19070.0,3684264.5,1,0.28771
2022-06-22,201.9,201.9,187.0,187.0,-5.56,8051.0,1529797.9,-1,0.12395555555555554
2022-06-23,184.0,190.6,169.0,190.6,1.93,32680.0,5724034.4,1,0.030010000000000002
2022-06-24,189.5,193.0,171.6,181.0,-5.04,30420.0,5522604.9,-1,0.32402
2022-06-26,183.0,199.1,181.0,199.1,10.0,33023.0,6431472.6,1,0.21745
2022-06-27,203.0,207.0,193.0,193.0,-3.06,32481.0,6470404.4,-1,0.04678
2022-06-28,189.2,192.6,185.0,186.0,-3.63,14938.0,2804135.5,-1,0.03916
2022-06-29,183.0,195.0,178.7,194.0,4.3,28916.0,5538066.7,1,0.12713999999999998
2022-06-30,197.5,210.0,194.1,206.0,6.19,30965.0,6311544.6,1,0.29838
2022-07-01,209.0,211.2,202.0,204.0,-0.97,12851.0,2654244.6,-1,0.21173999999999998
2022-07-03,207.0,221.0,202.0,219.0,7.35,30402.0,6463252.5,1,0.29801
2022-07-04,223.0,232.5,214.7,225.9,3.15,48472.0,10852508.5,1,0.11756
2022-07-05,230.4,230.4,210.0,211.0,-6.6,38113.0,8277139.5,-1,0.18323
2022-07-06,214.0,217.0,203.5,213.0,0.95,32922.0,6910719.9,-1,0.08395
2022-07-07,217.0,225.0,208.0,210.0,-1.41,22049.0,4671939.4,-1,0.20234000000000002
2022-07-08,208.0,209.0,205.0,205.1,-2.33,15026.0,3101957.0,-1,0.12688000000000002
2022-07-11,204.0,204.0,190.0,192.0,-6.39,27310.0,5308879.8,-1,0.254
2022-07-12,195.0,200.0,186.2,195.0,1.56,36179.0,6950927.9,0,0.23298000000000002
2022-07-13,198.0,211.0,196.2,211.0,8.21,19664.0,4025033.1,1,0.16996
2022-07-14,215.0,217.9,205.0,212.9,0.9,16699.0,3514123.7,-1,0.24026
2022-07-15,212.9,213.0,206.0,208.0,-2.3,8272.0,1729848.5,-1,0.27488999999999997
2022-07-17,208.0,209.2,203.9,207.0,-0.48,5459.0,1130045.0,-1,0.06853999999999999
2022-07-18,203.1,208.9,203.1,208.8,0.87,8855.0,1826375.5,1,0.09867999999999999
2022-07-19,209.0,214.0,205.0,207.1,-0.81,26994.0,5706277.6,-1,0.34414
2022-07-20,210.9,211.0,203.1,207.7,0.29,20300.0,4185769.0,-1,0.16228
2022-07-21,205.0,209.0,203.0,204.0,-1.78,11227.0,2295899.6,-1,0.11296999999999999
2022-07-22,200.1,204.0,197.0,203.0,-0.49,11791.0,2368381.0,1,0.12138
2022-07-24,207.0,214.2,202.1,212.2,4.53,21261.0,4431709.6,1,0.38571
2022-07-25,216.0,227.0,214.0,223.0,5.09,50702.0,11196698.5,1,0.14979
2022-07-26,223.0,237.1,218.9,222.0,-0.45,61904.0,14028754.8,-1,0.31392000000000003
2022-07-27,218.0,239.0,215.0,237.0,6.76,83189.0,19055057.1,1,0.11256
2022-07-28,239.0,249.9,223.5,237.2,0.08,62015.0,14999715.5,-1,0.36746
2022-07-29,239.0,240.0,232.6,233.0,-1.77,16979.0,3999762.0,-1,0.016999999999999998
2022-07-31,235.0,241.9,231.0,234.0,0.43,44340.0,10466597.0,-1,0.2383
2022-08-01,234.0,244.8,230.5,233.0,-0.43,54842.0,12966295.9,-1,0.24599000000000001
2022-08-02,233.1,241.0,229.0,240.0,3.0,55765.0,13180711.9,1,0.39876
2022-08-03,244.0,249.6,240.0,246.0,2.5,50187.0,12281079.3,1,0.34442
2022-08-04,248.0,262.1,238.5,256.2,4.15,153163.0,38967134.3,1,0.21291
2022-08-05,257.0,266.0,252.0,257.0,0.31,82976.0,21614565.2,0,0.27814
2022-08-07,260.0,262.5,252.9,256.0,-0.39,57347.0,14742141.4,-1,0.4683
2022-08-08,260.0,260.0,241.1,250.0,-2.34,47784.0,11891711.4,-1,0.35051
2022-08-09,250.0,250.0,233.3,233.3,-6.68,41974.0,10044154.3,-1,0.36372
2022-08-10,234.0,243.9,225.7,233.0,-0.13,32221.0,7482241.1,-1,0.22565999999999997
2022-08-11,237.6,240.0,222.0,224.5,-3.65,26814.0,6123879.0,-1,0.20682
2022-08-14,220.1,231.0,218.0,219.0,-2.45,27219.0,6072030.7,-1,0.33954
2022-08-15,223.0,236.0,218.0,235.0,7.31,29457.0,6733095.0,1,0.40094
2022-08-16,237.0,244.0,224.0,227.4,-3.23,23594.0,5477768.3,-1,0.16479000000000002
2022-08-17,229.9,231.0,223.0,226.0,-0.62,17103.0,3870430.0,-1,0.04589
2022-08-18,230.0,244.0,225.4,236.5,4.65,25276.0,5875080.5,1,0.17242
2022-08-21,231.8,238.0,223.0,232.0,-1.9,22701.0,5254943.3,1,0.01483
2022-08-22,227.4,232.9,222.9,229.5,-1.08,13664.0,3101242.7,1,0.2064
2022-08-23,230.0,230.0,223.3,227.5,-0.87,12531.0,2819352.5,-1,0.18656999999999999
2022-08-24,227.0,232.0,223.9,227.0,-0.22,17126.0,3892584.5,0,0.17326999999999998
2022-08-25,223.1,229.9,220.0,223.0,-1.76,18740.0,4160376.4,-1,0.12471000000000002
2022-08-26,224.0,224.0,215.0,218.5,-2.02,18170.0,3947146.1,-1,0.19155
2022-08-28,220.0,220.0,207.0,209.1,-4.3,36945.0,7762109.5,-1,0.29911
2022-08-29,213.0,213.0,204.4,211.0,0.91,15229.0,3160262.5,-1,0.13526
2022-08-30,207.0,215.2,206.0,210.0,-0.47,3630.0,763444.0,1,0.23456000000000002
2022-08-31,213.0,213.0,200.9,201.0,-4.29,16055.0,3251298.1,-1,0.09174
2022-09-01,198.0,211.0,198.0,205.0,1.99,19854.0,4049456.0,1,-0.006520000000000005
2022-09-02,208.0,209.0,203.0,203.0,-0.98,8655.0,1777424.7,-1,0.11549000000000001
2022-09-04,206.0,209.0,200.0,206.0,1.48,14625.0,2979989.9,0,0.07826
2022-09-05,209.0,209.8,206.0,207.0,0.49,10066.0,2094019.7,-1,0.17887
2022-09-06,204.9,205.5,200.0,200.0,-3.38,14117.0,2833114.5,-1,0.12942
2022-09-07,198.1,203.9,198.1,200.9,0.45,5257.0,1050833.8,1,0.13661
2022-09-08,201.9,206.0,196.0,204.9,1.99,12995.0,2612566.4,1,0.25332
2022-09-11,204.9,205.0,196.0,196.0,-4.34,24874.0,4927644.4,-1,0.27069
2022-09-12,199.0,202.0,193.0,196.0,0.0,9936.0,1957081.3,-1,0.13613999999999998
2022-09-13,198.0,202.0,197.0,201.0,2.55,9822.0,1966186.3,1,0.21708999999999995
2022-09-14,201.9,213.0,200.0,208.2,3.58,43901.0,9007106.7,1,0.30811
2022-09-15,210.0,210.0,193.2,195.0,-6.34,34308.0,6858953.0,-1,0.4265
2022-09-16,191.1,196.8,187.3,193.0,-1.03,14030.0,2668197.5,1,0.12115000000000001
2022-09-18,189.2,190.1,186.2,186.5,-3.37,13134.0,2469538.9,-1,0.13879999999999998
2022-09-20,183.0,184.0,176.4,179.0,-4.02,16797.0,3013386.8,-1,0.21119
2022-09-21,182.0,185.0,178.4,179.3,0.17,10010.0,1818068.4,-1,0.29775
2022-09-22,181.0,183.0,174.0,177.0,-1.28,6903.0,1226734.8,-1,0.10181
2022-09-25,175.9,175.9,170.6,174.0,-1.69,9155.0,1581721.4,-1,0.21619000000000002
2022-09-27,174.0,184.6,171.5,176.0,1.15,12508.0,2200737.2,1,0.11501999999999998
2022-09-28,172.6,175.0,172.6,175.0,-0.57,4519.0,783100.2,1,0.28816
2022-09-29,176.5,177.5,171.0,173.0,-1.14,6170.0,1069282.5,-1,-0.03823
2022-10-09,175.0,187.2,175.0,181.0,4.62,4983.0,895392.9,1,0.34312
2022-10-10,181.1,183.5,176.1,177.0,-2.21,5008.0,898147.0,-1,0.04675714285714285
2022-10-11,174.6,176.0,173.5,174.0,-1.69,3381.0,590487.0,-1,0.13995555555555553
2022-10-12,177.0,184.7,173.0,181.0,4.02,9021.0,1605378.5,1,0.21412
2022-10-13,184.0,187.6,175.6,179.2,-0.99,10357.0,1866793.4,-1,0.31389
2022-10-16,182.7,182.7,173.1,175.0,-2.34,6958.0,1213264.8,-1,0.23106999999999997
2022-10-17,172.0,174.0,171.2,172.1,-1.66,3214.0,552428.0,1,0.1001
2022-10-19,170.0,173.4,166.8,168.0,-2.38,11788.0,1989428.2,-1,0.19967000000000001
2022-10-20,164.7,170.0,164.7,166.0,-1.19,3665.0,615821.0,1,0.19526
2022-10-23,168.0,169.4,165.0,166.2,0.12,8927.0,1482060.5,-1,0.2472
2022-10-31,167.5,167.5,164.2,164.8,-0.84,4306.0,713737.9,-1,0.09841
2022-11-01,166.0,179.2,165.0,177.6,7.77,11739.0,2031082.7,1,0.053750000000000006
2022-11-02,180.0,189.9,178.2,185.0,4.17,35411.0,6515239.6,1,0.23159999999999997
2022-11-03,187.0,187.0,181.5,184.9,-0.05,6016.0,1109389.1,-1,0.30734
2022-11-06,182.0,193.8,182.0,191.0,3.3,9349.0,1764856.9,1,0.40937
2022-11-07,191.0,206.0,187.0,196.0,2.62,39366.0,7672968.4,1,0.13699
2022-11-08,199.0,199.0,189.3,190.1,-3.01,13325.0,2572832.2,-1,0.18839999999999998
2022-11-09,187.0,187.0,178.0,178.0,-6.37,29003.0,5278445.6,-1,0.27257000000000003
2022-11-10,180.9,182.0,172.2,174.0,-2.25,10660.0,1873232.5,-1,0.27734000000000003
2022-11-13,174.0,182.0,170.0,176.5,1.44,9336.0,1641690.8,1,0.28583
2022-11-14,179.0,182.4,175.0,182.4,3.34,7975.0,1425836.6,1,0.42367999999999995
2022-11-15,184.0,186.0,176.4,178.9,-1.92,11653.0,2107566.8,-1,0.21732999999999997
2022-11-16,180.0,182.0,179.0,180.9,1.12,8384.0,1509926.0,1,0.25625
2022-11-17,184.5,189.0,181.3,188.8,4.37,15600.0,2898849.1,1,0.34052000000000004
2022-11-22,191.0,204.0,186.4,186.4,-1.27,32274.0,6251471.0,-1,0.25282
2022-11-23,189.5,205.0,186.3,205.0,9.98,99559.0,19887807.1,1,-0.07887
2022-11-24,209.1,225.5,207.0,219.0,6.83,119649.0,25989288.2,1,0.24603999999999998
2022-11-27,222.9,222.9,211.0,216.8,-1.0,48063.0,10365181.1,-1,0.18394000000000002
2022-11-28,219.9,227.0,207.0,214.2,-1.2,124824.0,26607791.0,-1,0.12201
2022-11-29,210.0,217.0,209.0,216.0,0.84,27853.0,5925318.4,1,0.28864
2022-11-30,213.0,214.9,209.0,212.6,-1.57,19567.0,4153485.1,-1,0.11457999999999999
2022-12-01,213.0,214.0,206.0,207.0,-2.63,28719.0,6013898.8,-1,0.026720000000000004
2022-12-04,211.1,211.1,203.0,205.1,-0.92,21970.0,4537743.3,-1,0.08308
2022-12-05,203.0,207.0,194.1,199.0,-2.97,24316.0,4847145.9,-1,0.16629
2022-12-06,200.0,203.0,196.0,198.9,-0.05,18363.0,3651901.2,-1,0.21671999999999997
2022-12-07,202.0,202.0,192.0,196.0,-1.46,11344.0,2232936.2,-1,0.07681
2022-12-11,195.5,198.4,188.2,188.2,-3.98,18831.0,3610025.2,-1,0.36178
2022-12-12,191.9,196.0,188.0,194.0,3.08,18527.0,3566750.3,1,0.4042899999999999
2022-12-13,196.1,197.8,191.0,193.0,-0.52,7485.0,1441363.6,-1,0.34377
2022-12-14,196.8,196.8,190.5,190.5,-1.3,10158.0,1963091.1,-1,0.12502
2022-12-15,194.0,194.0,186.0,186.0,-2.36,10114.0,1901343.4,-1,0.25964
2022-12-18,189.0,192.0,177.0,178.5,-4.03,13990.0,2526309.5,-1,0.19369999999999998
2022-12-19,181.0,185.6,179.0,182.1,2.02,10834.0,1974798.2,1,0.18266
2022-12-20,180.0,193.1,180.0,186.0,2.14,8292.0,1562497.1,1,0.14594000000000001
2022-12-21,185.0,203.0,181.5,203.0,9.14,31554.0,6092524.4,1,0.10712999999999999
2022-12-22,203.0,210.0,193.4,209.9,3.4,84321.0,17063711.3,1,0.13271
2022-12-26,214.0,230.8,214.0,230.8,9.96,164351.0,37205528.0,1,0.21193
2022-12-27,235.4,248.0,233.3,235.9,2.21,154524.0,37187943.6,1,0.28424
2022-12-28,234.0,252.0,226.0,238.0,0.89,58888.0,13872293.3,1,0.07069
2022-12-29,234.0,242.4,231.5,239.0,0.42,63300.0,15117647.4,1,0.03834
2023-01-01,242.6,246.0,230.0,238.0,-0.42,52768.0,12486391.4,-1,0.24295999999999998
2023-01-02,238.0,240.7,233.0,238.0,0.0,43064.0,10257895.5,0,0.35855000000000004
2023-01-03,238.0,243.3,230.0,235.0,-1.26,68572.0,16112785.2,-1,0.18233
2023-01-04,233.0,250.0,233.0,248.0,5.53,111602.0,27147814.3,1,0.45766
2023-01-05,251.0,261.0,249.0,255.1,2.86,97945.0,25092728.4,1,0.16958
2023-01-08,257.0,270.3,250.2,257.0,0.74,121405.0,31534965.0,0,0.10780999999999999
2023-01-09,262.0,281.8,260.0,281.0,9.34,136404.0,37469884.2,1,0.11752
2023-01-10,284.3,300.0,266.0,273.2,-2.78,150333.0,43121474.1,-1,0.08473
2023-01-12,278.6,295.0,254.0,259.0,-5.2,129473.0,34736792.8,-1,0.29056
2023-01-17,264.0,284.9,256.0,284.8,9.96,87550.0,23897940.5,1,0.007589999999999997
2023-01-18,290.0,297.0,278.4,283.5,-0.46,122604.0,35289182.6,-1,0.15827
2023-01-19,280.0,289.0,277.9,286.0,0.88,66579.0,18951551.5,1,0.33521999999999996
2023-01-23,288.0,289.0,271.0,275.0,-3.85,69792.0,19387066.5,-1,0.18361
2023-01-24,276.0,277.0,265.9,276.5,0.55,48064.0,13042291.7,1,0.42661999999999994
2023-01-25,278.7,300.0,275.0,291.0,5.24,168423.0,48932168.3,1,0.10781
2023-01-26,295.9,309.0,292.1,298.0,2.41,99047.0,29694726.1,1,0.030670000000000003
2023-01-29,292.1,305.0,287.0,297.0,-0.34,99212.0,29580600.0,1,0.22788
2023-01-30,299.9,299.9,280.8,283.0,-4.71,89862.0,25768836.1,-1,0.25773999999999997
2023-01-31,278.0,290.7,274.0,277.0,-2.12,61315.0,17156794.1,-1,0.16763999999999996
2023-02-01,282.5,286.0,271.6,280.0,1.08,42031.0,11719558.0,-1,0.22039
2023-02-02,284.6,284.6,271.5,274.5,-1.96,52418.0,14385775.3,-1,0.1887
2023-02-05,278.0,283.9,271.0,273.0,-0.55,49691.0,13781339.5,-1,0.1527
2023-02-06,270.0,277.4,270.0,274.9,0.7,29030.0,7930677.8,1,0.23997000000000002
2023-02-07,276.0,297.8,276.0,295.0,7.31,86600.0,24873735.4,1,0.30706
2023-02-08,300.0,302.0,289.0,293.0,-0.68,61847.0,18147678.6,-1,0.30575
2023-02-09,293.0,296.0,287.2,296.0,1.02,60213.0,17603720.3,1,0.26013000000000003
2023-02-12,291.0,291.0,278.9,283.0,-4.39,83314.0,23623639.6,-1,0.34548999999999996
2023-02-14,288.5,288.5,274.4,279.0,-1.41,34952.0,9716978.2,-1,0.30418
2023-02-15,276.0,284.5,273.3,275.0,-1.43,36677.0,10121445.6,-1,0.26742
2023-02-16,280.5,280.5,263.1,265.0,-3.64,33942.0,9103181.4,-1,0.13047
2023-02-20,269.3,269.3,260.6,264.0,-0.38,25974.0,6831788.3,-1,0.010190000000000001
2023-02-22,265.0,279.3,265.0,279.0,5.68,27185.0,7467853.9,1,0.31945999999999997
2023-02-23,282.0,282.0,265.1,267.3,-4.19,61709.0,16555418.6,-1,-0.006940000000000002
2023-02-26,262.0,274.8,253.9,274.0,2.51,53329.0,13957180.1,1,0.26325
2023-02-27,279.4,279.4,260.1,275.0,0.36,41384.0,11091234.6,-1,0.14547000000000002
2023-02-28,280.5,280.5,265.6,269.0,-2.18,23306.0,6329225.2,-1,0.12351000000000001
2023-03-01,270.0,270.0,265.1,267.0,-0.74,16405.0,4375318.8,-1,0.25271
2023-03-02,262.0,267.0,258.3,259.0,-3.0,31012.0,8129504.8,-1,0.38147000000000003
2023-03-05,262.8,264.1,252.0,252.0,-2.7,24926.0,6373068.2,-1,0.38139
2023-03-07,257.0,262.0,253.0,260.0,3.17,13786.0,3563357.4,1,0.21683
2023-03-09,264.0,274.0,263.0,274.0,5.38,59149.0,15836091.0,1,0.18673
2023-03-12,275.0,278.4,270.0,271.7,-0.84,70091.0,19183515.2,-1,0.11339999999999999
2023-03-13,277.1,277.1,260.0,269.0,-0.99,27061.0,7295728.4,-1,0.34815999999999997
2023-03-14,270.0,275.0,267.0,273.1,1.52,25951.0,7061739.3,1,0.26192000000000004
2023-03-15,272.0,275.0,268.0,270.0,-1.14,16139.0,4364065.5,-1,0.26889
2023-03-16,266.3,275.0,266.0,270.4,0.15,20759.0,5636927.9,1,0.33575
2023-03-19,270.4,274.0,267.1,271.0,0.22,17724.0,4796592.2,1,0.1413
2023-03-20,274.0,276.9,267.0,276.5,2.03,55727.0,15291187.5,1,0.26797
2023-03-22,275.0,278.9,271.0,271.1,-1.95,33336.0,9150340.6,-1,0.050449999999999995
2023-03-23,266.7,271.9,266.0,267.3,-1.4,17981.0,4825913.3,1,0.0962
2023-03-26,268.0,268.0,259.0,263.9,-1.27,22318.0,5855576.0,-1,0.23315000000000002
2023-03-27,269.1,272.2,258.7,270.0,2.31,18046.0,4752259.1,1,0.27024
2023-03-28,275.3,280.5,265.0,270.0,0.0,25823.0,6991821.9,-1,0.10627
2023-03-29,265.2,270.9,265.2,270.8,0.3,4589.0,1231586.4,1,0.15101
2023-03-30,270.0,273.2,267.0,268.0,-1.03,12087.0,3240370.2,-1,0.18519999999999998
2023-04-02,270.0,271.0,258.0,261.0,-2.61,23637.0,6228578.0,-1,0.29611
2023-04-03,258.0,265.4,254.0,259.0,-0.77,22763.0,5853220.5,1,0.21307
2023-04-04,264.1,270.0,259.1,268.5,3.67,55335.0,14594825.2,1,0.24676
2023-04-05,273.8,275.0,265.0,273.8,1.97,37840.0,10255326.5,0,0.17976
2023-04-06,279.2,279.2,265.0,270.0,-1.39,22161.0,5978020.0,-1,0.35106
2023-04-09,275.0,278.0,258.3,258.3,-4.33,60814.0,16127302.3,-1,0.34987
2023-04-10,263.3,268.5,259.0,260.0,0.66,25809.0,6712346.8,-1,0.28264999999999996
2023-04-11,264.0,265.2,258.8,263.1,1.19,19361.0,5075182.6,-1,0.21907000000000001
2023-04-12,268.3,277.0,266.0,276.0,4.9,52650.0,14348714.2,1,0.35592999999999997
2023-04-13,281.5,286.0,267.0,267.0,-3.26,37891.0,10306458.4,-1,0.1083
2023-04-16,272.3,272.3,266.0,269.0,0.75,28947.0,7789671.9,-1,0.21699000000000002
2023-04-17,269.0,269.7,262.0,263.8,-1.93,33497.0,8852134.8,-1,0.25595999999999997
2023-04-18,258.7,268.9,258.7,262.0,-0.68,21480.0,5610274.5,1,0.31314000000000003
2023-04-19,264.9,264.9,257.0,263.0,0.38,48093.0,12470977.2,-1,0.3953
2023-04-20,266.5,266.5,258.1,259.0,-1.52,8147.0,2126330.6,-1,0.3224
2023-04-23,256.0,259.5,253.0,255.0,-1.54,18668.0,4761399.5,-1,0.23454000000000003
2023-04-24,255.0,263.0,250.0,256.9,0.75,20781.0,5317372.8,1,0.18761
2023-04-25,260.0,262.0,255.0,261.0,1.6,13064.0,3375170.6,1,0.42908999999999997
2023-04-26,263.0,263.0,255.1,256.0,-1.92,13888.0,3563039.3,-1,0.13577
2023-04-27,259.0,259.0,253.1,255.9,-0.04,12120.0,3082004.4,-1,0.33563
2023-04-30,261.0,261.0,252.0,254.4,-0.59,12970.0,3289051.9,-1,0.50449
2023-05-02,255.0,255.0,247.0,250.0,-1.73,11037.0,2764420.4,-1,0.2865
2023-05-03,248.5,253.0,242.0,246.9,-1.24,9090.0,2232084.5,-1,0.3312
2023-05-04,246.8,248.0,239.2,244.1,-1.13,14040.0,3417925.6,-1,0.15937
2023-05-07,240.0,244.0,224.9,229.9,-5.82,16571.0,3857561.5,-1,0.22774
2023-05-08,229.9,229.9,210.0,224.0,-2.57,90627.0,19656884.9,-1,0.38444
2023-05-09,222.0,228.9,216.0,222.0,-0.89,11940.0,2672495.7,0,0.42156000000000005
2023-05-10,222.0,222.9,215.0,218.0,-1.8,7112.0,1553489.1,-1,0.33176
2023-05-11,214.0,220.4,214.0,219.8,0.83,7590.0,1646704.9,1,0.36791
2023-05-14,221.9,221.9,212.0,215.0,-2.18,18592.0,4004850.6,-1,0.39579
2023-05-15,214.0,218.0,211.0,216.5,0.7,8956.0,1932994.3,1,0.10214999999999999
2023-05-16,212.2,219.6,211.1,218.0,0.69,9913.0,2156122.0,1,0.32894999999999996
2023-05-17,220.0,225.0,217.0,220.0,0.92,27263.0,6042071.7,0,0.17645
2023-05-18,221.0,230.9,221.0,229.0,4.09,30888.0,7029651.6,1,0.46943999999999997
2023-05-21,229.0,236.9,226.0,229.0,0.0,29786.0,6886727.2,0,0.21482
2023-05-22,231.5,233.0,225.0,226.7,-1.0,13558.0,3098641.3,-1,0.21713999999999997
2023-05-23,229.5,237.0,227.0,234.5,3.44,40760.0,9549020.9,1,0.10722000000000001
2023-05-24,235.0,239.0,229.0,236.8,0.98,27940.0,6513588.5,1,0.40582
2023-05-28,239.9,251.9,236.0,237.5,0.3,66284.0,16203247.7,-1,0.20501
2023-05-30,238.0,238.4,230.0,231.5,-2.53,41322.0,9651497.4,-1,0.13716
2023-05-31,227.0,239.3,224.3,227.9,-1.56,44204.0,10097254.1,1,0.27430000000000004
2023-06-01,229.9,235.0,222.0,231.8,1.71,21842.0,5004087.0,1,0.13203
2023-06-04,236.4,245.8,235.0,238.5,2.89,20207.0,4804978.9,1,0.20720999999999998
2023-06-05,240.0,242.0,233.5,233.5,-2.1,27076.0,6403710.6,-1,-0.006330000000000002
2023-06-06,231.1,244.0,231.1,241.0,3.21,36241.0,8704647.9,1,0.23532999999999998
2023-06-07,241.0,247.0,238.0,242.7,0.71,27412.0,6670598.6,1,0.12295
2023-06-08,246.0,246.0,235.0,239.7,-1.24,15349.0,3648124.0,-1,0.12010000000000001
2023-06-11,243.0,246.8,238.0,240.0,0.13,22233.0,5394939.0,-1,0.31429999999999997
2023-06-12,243.0,247.8,240.3,247.5,3.13,40415.0,9888939.2,1,0.3786
2023-06-13,251.0,251.0,245.0,247.0,-0.2,51548.0,12721671.4,-1,0.25595
2023-06-14,244.1,251.9,240.1,244.7,-0.93,50719.0,12510263.8,1,0.13637
2023-06-15,246.0,246.0,238.0,243.6,-0.45,19514.0,4683072.5,-1,0.09770999999999999
2023-06-18,239.0,246.0,239.0,246.0,0.99,32254.0,7827751.2,1,0.43154000000000003
2023-06-19,250.9,250.9,235.0,237.0,-3.66,32526.0,7843542.7,-1,0.11903
2023-06-20,240.0,240.0,227.0,227.1,-4.18,26546.0,6196913.6,-1,0.26177
2023-06-21,227.1,236.0,222.0,225.8,-0.57,32260.0,7286143.7,-1,0.38376
2023-06-22,225.0,229.5,220.0,229.0,1.42,23026.0,5158854.0,1,0.19291
2023-06-25,231.0,232.0,222.0,226.0,-1.31,36420.0,8228819.0,-1,0.35612
2023-06-26,230.5,238.0,224.5,226.0,0.0,39135.0,8977026.0,-1,0.21667999999999998
2023-06-27,230.5,234.7,226.0,233.0,3.1,14746.0,3403473.7,1,0.15282
2023-06-28,234.0,250.9,226.5,243.0,4.29,136516.0,32869614.3,1,0.1041
2023-07-02,247.0,250.0,234.0,237.0,-2.47,62277.0,15029556.3,-1,0.11781
2023-07-03,238.0,238.5,226.4,229.0,-3.38,40511.0,9410060.6,-1,0.17146
2023-07-04,233.0,237.6,226.0,227.0,-0.87,11071.0,2537120.1,-1,0.35157999999999995
2023-07-05,227.0,231.4,223.4,224.0,-1.32,28656.0,6447040.0,-1,0.010959999999999998
2023-07-06,221.5,227.0,217.2,220.0,-1.79,29962.0,6616045.7,-1,0.05201
2023-07-09,223.0,224.4,218.6,219.0,-0.45,31028.0,6839240.7,-1,0.14805
2023-07-10,221.0,224.0,214.0,218.0,-0.46,22643.0,4940652.0,-1,0.19422
2023-07-11,216.0,220.0,214.0,214.0,-1.83,9224.0,1986299.1,-1,0.23574
2023-07-12,216.0,226.0,213.3,225.8,5.51,29611.0,6569604.2,1,0.17057
2023-07-13,229.0,234.8,220.8,220.8,-2.21,18759.0,4228584.6,-1,0.28874
2023-07-16,225.0,225.0,216.2,222.0,0.54,12452.0,2716499.6,-1,0.43867
2023-07-17,218.0,223.0,217.6,222.0,0.0,15134.0,3350277.1,1,0.26004
2023-07-18,222.0,224.5,218.4,221.0,-0.45,15140.0,3330512.8,-1,0.21555999999999997
2023-07-19,218.1,220.0,215.5,216.0,-2.26,17525.0,3805868.1,-1,0.28124
2023-07-20,219.0,223.0,215.2,221.0,2.31,19124.0,4187313.9,1,0.17578
2023-07-23,224.0,226.0,217.0,226.0,2.26,19502.0,4356176.8,1,0.1867
2023-07-24,230.0,230.0,222.0,224.0,-0.88,15178.0,3432667.9,-1,0.025549999999999996
2023-07-25,224.0,224.0,221.0,221.0,-1.34,6707.0,1485621.5,-1,0.09188999999999999
2023-07-26,221.0,223.0,218.0,218.0,-1.36,11197.0,2468254.4,-1,0.11846999999999999
2023-07-27,218.0,220.3,215.5,216.0,-0.92,8706.0,1882526.8,-1,-0.00018000000000000237
2023-07-30,219.0,219.0,213.3,216.0,0.0,9187.0,1974768.8,-1,0.19598
2023-07-31,216.2,220.1,213.4,217.0,0.46,8913.0,1920733.0,1,0.16455999999999998
2023-08-01,215.0,217.0,211.0,211.0,-2.76,8504.0,1808012.0,-1,0.27952
2023-08-02,210.8,211.0,207.0,211.0,0.0,10712.0,2239219.5,1,0.05417000000000001
2023-08-03,215.2,215.2,208.9,209.0,-0.95,3925.0,825707.0,-1,0.45377999999999996
2023-08-06,211.4,211.4,200.1,202.0,-3.35,8190.0,1668236.7,-1,0.28989000000000004
2023-08-07,200.1,203.0,195.0,197.0,-2.48,16650.0,3295508.7,-1,0.019540000000000002
2023-08-08,194.2,199.0,193.1,195.0,-1.02,7175.0,1402362.0,1,0.08682999999999999
2023-08-09,193.0,196.9,190.0,196.4,0.72,12150.0,2340245.5,1,0.14761
2023-08-10,194.0,197.4,190.0,191.1,-2.7,11059.0,2136589.3,-1,0.09231
2023-08-13,193.0,194.9,191.2,192.9,0.94,5219.0,1004196.7,-1,0.19990000000000002
2023-08-14,194.9,195.0,190.0,190.0,-1.5,5869.0,1123712.7,-1,0.33658
2023-08-15,190.0,190.0,185.0,186.0,-2.11,5828.0,1088487.3,-1,0.31553
2023-08-16,185.0,185.0,181.0,181.0,-2.69,10940.0,1993169.8,-1,0.14401000000000003
2023-08-17,183.0,185.8,180.1,182.0,0.55,7879.0,1443970.4,-1,0.27697000000000005
2023-08-20,184.0,184.0,176.0,178.0,-2.2,8816.0,1578183.0,-1,0.2029
2023-08-21,177.0,177.0,173.0,174.0,-2.25,15841.0,2769931.1,-1,0.057600000000000005
2023-08-22,175.0,175.0,171.3,174.9,0.52,14719.0,2546620.1,-1,0.31076000000000004
2023-08-23,177.0,187.0,177.0,185.9,6.29,11119.0,2030132.1,1,0.25433
2023-08-24,187.0,187.0,177.0,179.0,-3.71,9039.0,1630408.5,-1,0.15768999999999997
2023-08-27,179.0,179.0,174.0,174.0,-2.79,3740.0,657375.5,-1,0.40308
2023-08-28,175.9,177.0,172.0,174.0,0.0,3040.0,528795.9,-1,0.4144
2023-08-29,173.1,175.1,173.0,175.1,0.63,1969.0,343897.7,1,0.12023999999999999
2023-08-30,174.9,177.0,173.6,173.6,-0.86,7244.0,1267587.1,-1,-0.00028000000000000247
2023-09-03,172.0,172.0,166.5,172.0,-0.92,10576.0,1786384.0,0,0.13837000000000002
2023-09-04,172.0,174.0,168.6,173.0,0.58,5537.0,947426.5,1,0.31788
2023-09-05,172.0,173.0,170.0,170.1,-1.68,1905.0,324950.0,-1,0.17978
2023-09-07,170.0,171.0,164.7,167.0,-1.82,10410.0,1743128.5,-1,0.24984
2023-09-10,165.0,169.0,161.7,162.0,-2.99,7764.0,1267815.0,-1,0.10125999999999999
2023-09-11,162.0,166.8,159.0,166.5,2.78,18269.0,3001858.8,1,0.18467
2023-09-12,168.5,168.5,159.9,165.0,-0.9,6861.0,1117187.3,-1,0.24586999999999998
2023-09-13,165.0,177.0,164.5,173.0,4.85,6018.0,1015117.9,1,0.09419000000000001
2023-09-17,174.0,174.0,166.0,166.1,-3.99,6059.0,1019859.6,-1,0.12911
2023-09-18,168.0,169.4,166.0,167.5,0.84,8611.0,1442929.3,-1,0.21098999999999996
2023-09-19,167.5,182.0,166.0,178.5,6.57,8088.0,1412904.9,1,0.20440999999999998
2023-09-21,181.0,192.7,181.0,189.6,6.22,26455.0,5015937.3,1,-0.00012000000000001454
2023-09-24,190.0,192.0,182.6,185.9,-1.95,10759.0,2011666.4,-1,0.44460999999999995
2023-09-25,186.0,193.8,182.3,187.0,0.59,15296.0,2854976.8,1,0.14438999999999996
2023-09-26,189.0,205.7,189.0,205.0,9.63,52139.0,10408532.3,1,0.38024
2023-09-27,205.0,217.0,197.0,210.0,2.44,63288.0,12943957.3,1,0.07476
2023-10-01,210.0,210.0,202.0,207.0,-1.43,40333.0,8295097.0,-1,0.010879999999999994
2023-10-02,203.0,210.0,201.0,210.0,1.45,62166.0,12819104.3,1,0.08888
2023-10-03,210.0,226.4,206.2,226.4,7.81,54462.0,11477941.8,1,0.10377
2023-10-04,221.9,226.0,210.1,226.0,-0.18,49025.0,10724826.5,1,0.4284899999999999
2023-10-05,221.5,230.0,214.3,230.0,1.77,45389.0,9978381.0,1,0.23026999999999997
2023-10-08,233.0,233.0,210.0,210.0,-8.7,89892.0,19393161.9,-1,0.06102
2023-10-09,211.0,212.0,195.1,204.0,-2.86,45646.0,9320917.4,-1,0.25671999999999995
2023-10-10,207.0,211.0,196.0,198.0,-2.94,24697.0,4935393.5,-1,0.12872999999999998
2023-10-11,200.0,212.7,196.7,199.9,0.96,32233.0,6473983.1,-1,0.24020000000000002
2023-10-12,200.0,201.0,193.0,195.0,-2.45,30273.0,5936353.5,-1,0.26008
2023-10-16,197.0,197.0,175.5,177.9,-8.77,60863.0,10939005.2,-1,0.17042000000000002
2023-10-17,178.0,182.9,173.0,173.0,-2.75,39571.0,7023091.9,-1,0.29985999999999996
2023-10-18,175.0,178.2,172.5,175.0,1.16,47996.0,8425934.6,0,0.35442999999999997
2023-10-19,177.0,181.5,174.0,174.6,-0.23,158316.0,28103035.9,-1,0.23213
2023-10-29,126.0,134.6,126.0,132.0,5.71,70932.0,9313365.4,1,0.10238
2023-10-30,132.0,133.0,126.7,133.0,0.76,17138.0,2235406.8,1,0.010099999999999998
2023-10-31,130.4,132.6,130.0,131.9,-0.83,7906.0,1037827.7,1,0.06244000000000001
2023-11-01,133.0,136.8,130.0,136.8,3.71,27452.0,3701654.0,1,-0.02237
2023-11-02,138.5,138.5,131.5,132.0,-3.51,10557.0,1396961.0,-1,0.10286999999999999
2023-11-05,131.0,131.0,127.4,127.7,-3.26,14997.0,1927382.9,-1,0.18531999999999998
2023-11-06,127.0,131.9,127.0,129.3,1.25,16031.0,2087784.0,1,0.12930999999999998
2023-11-07,130.3,132.0,129.0,129.0,-0.23,10059.0,1315595.5,-1,0.37329999999999997
2023-11-06,127.0,131.9,127.0,129.3,1.25,16031.0,2087784.0,1,0.12930999999999998
2023-11-07,130.3,132.0,129.0,129.0,-0.23,10059.0,1315595.5,-1,0.37329999999999997
2023-11-08,131.4,134.1,128.5,128.5,-0.39,9264.0,1215499.2,-1,0.33736
2023-11-09,128.0,131.9,121.4,130.4,1.48,27505.0,3482314.7,1,0.16474
2023-11-20,129.0,132.5,128.0,129.0,-1.07,14840.0,1932190.9,0,0.10189
2023-11-21,128.0,130.5,126.0,126.1,-2.25,3812.0,483824.0,-1,0.12660999999999997
2023-11-22,127.0,127.9,126.1,127.0,0.71,5618.0,714294.4,0,0.17046999999999998
2023-11-23,129.5,129.5,120.0,127.0,0.0,31905.0,3980989.4,-1,0.26643
2023-11-26,127.0,133.0,125.3,128.6,1.26,27106.0,3491608.7,1,0.15411999999999998
2023-11-27,131.0,132.5,127.4,127.4,-0.93,31239.0,4057932.2,-1,0.21111
2023-11-28,128.8,129.0,126.3,128.0,0.47,7575.0,966901.8,-1,0.15806
2023-11-29,130.0,130.2,123.9,126.0,-1.56,17387.0,2193477.0,-1,0.10794
2023-11-30,127.0,127.0,124.0,125.0,-0.79,13188.0,1644045.3,-1,0.08574000000000001
2023-12-03,125.0,125.5,124.0,124.2,-0.64,9178.0,1145183.6,-1,0.12991
2023-12-04,124.5,126.6,122.5,123.0,-0.97,16470.0,2040738.5,-1,-0.01957000000000001
2023-12-05,123.0,124.9,121.6,122.0,-0.81,21848.0,2680526.2,-1,0.17755
2023-12-06,123.0,123.3,121.0,122.9,0.74,9279.0,1134389.7,-1,0.14941428571428572
2023-12-07,122.0,124.4,120.0,121.5,-1.14,49773.0,6047441.9,-1,0.21683
2023-12-10,122.0,132.0,122.0,131.5,8.23,4450.0,578136.0,1,0.17753999999999998
2023-12-11,132.0,136.5,127.6,130.0,-1.14,137710.0,18034001.3,-1,0.13434
2023-12-12,132.5,140.0,130.0,135.5,4.23,100255.0,13476212.4,1,0.18746000000000002
2023-12-13,137.0,149.0,135.0,149.0,9.96,157004.0,23153302.2,1,0.07533999999999999
2023-12-14,151.0,157.0,149.2,153.0,2.68,68512.0,10459102.4,1,0.12022
2023-12-17,153.0,168.1,143.3,167.8,9.67,136550.0,21510087.2,1,0.25788
2023-12-18,171.0,180.5,161.0,168.0,0.12,147614.0,25274116.4,-1,0.32541000000000003
2023-12-19,165.1,171.0,161.7,169.0,0.6,62962.0,10427676.2,1,0.41429
2023-12-20,171.0,185.0,163.4,178.0,5.33,117618.0,20176576.7,1,0.19566
2023-12-21,181.0,181.0,167.1,167.1,-6.12,122846.0,21165960.9,-1,0.37763
2023-12-24,170.0,182.5,163.4,163.4,-2.21,105278.0,17734450.1,-1,0.05554
2023-12-27,166.0,179.0,161.5,164.0,0.37,89722.0,14988798.8,-1,0.13843999999999998
2023-12-28,160.8,167.2,160.8,164.0,0.0,49575.0,8106071.5,1,-0.0070599999999999994
2024-01-01,167.2,167.2,157.0,157.0,-4.27,76789.0,12281879.6,-1,0.38298
2024-01-02,156.0,156.0,147.1,149.8,-4.59,71434.0,10746253.0,-1,0.28003
2024-01-03,147.0,158.1,147.0,158.1,5.54,45225.0,6926964.8,1,0.31684
2024-01-04,161.2,167.2,154.5,155.0,-1.96,73447.0,11909434.1,-1,0.12154000000000001
2024-01-07,157.4,163.9,156.0,160.0,3.23,84273.0,13547330.6,1,0.20270000000000002
2024-01-08,157.0,164.5,157.0,160.8,0.5,58670.0,9549243.4,1,0.16340000000000002
2024-01-09,164.0,168.1,160.9,163.9,1.93,61989.0,10254949.4,-1,0.28179
2024-01-10,165.0,165.0,160.0,160.0,-2.38,43140.0,6987556.6,-1,0.13901999999999998
2024-01-11,162.0,162.0,155.5,157.0,-1.88,56555.0,8888300.9,-1,0.12986
2024-01-14,160.1,170.0,160.0,168.2,7.13,116743.0,19435908.1,1,0.18588
2024-01-16,169.0,185.0,169.0,185.0,9.99,177248.0,32029723.5,1,0.28309
2024-01-17,188.7,203.5,180.0,181.2,-2.05,276582.0,53743788.4,-1,0.039169999999999996
2024-01-18,182.0,197.4,169.0,189.0,4.3,140147.0,25507500.0,1,0.04836
2024-01-21,190.0,205.0,188.0,194.8,3.07,201668.0,39805291.7,1,0.33341
2024-01-22,198.6,198.6,187.5,189.0,-2.98,83788.0,16011369.0,-1,0.04654
2024-01-23,189.0,195.8,183.5,187.0,-1.06,63939.0,12042206.2,-1,0.26983999999999997
2024-01-24,183.4,195.0,183.4,184.0,-1.6,33243.0,6254512.5,1,0.29417
2024-01-25,187.6,191.0,178.0,179.9,-2.23,54201.0,9798191.9,-1,0.02597
2024-01-28,181.0,191.4,177.4,187.0,3.95,54485.0,9986507.9,1,0.36851
2024-01-29,190.7,193.6,185.0,188.9,1.02,60397.0,11331501.1,-1,0.15052
2024-01-30,190.0,192.0,186.0,192.0,1.64,85017.0,16133971.4,1,0.36629
2024-01-31,195.8,195.8,185.1,185.2,-3.54,39367.0,7427110.4,-1,0.13380999999999998
2024-02-01,183.0,185.0,179.5,180.7,-2.43,51292.0,9268419.2,-1,0.08310999999999999
2024-02-04,177.4,184.0,177.1,178.0,-1.49,25565.0,4568763.2,1,0.27216999999999997
2024-02-05,181.5,185.1,180.8,183.0,2.81,28611.0,5190451.8,1,0.20332
2024-02-06,183.0,185.5,179.4,184.5,0.82,35003.0,6431936.0,1,0.28834
2024-02-07,188.1,188.1,181.1,183.3,-0.65,16809.0,3083274.5,-1,0.2827
2024-02-08,183.0,187.0,181.1,185.0,0.93,32418.0,5967303.7,1,0.057679999999999995
2024-02-11,188.0,191.0,183.1,183.5,-0.81,69917.0,13109931.2,-1,0.25498
2024-02-12,181.0,187.6,180.4,186.3,1.53,27113.0,5020164.2,1,0.31965
2024-02-13,184.0,187.6,181.0,181.0,-2.84,43602.0,7999120.2,-1,0.10429
2024-02-14,182.9,182.9,179.3,180.1,-0.5,31400.0,5678893.6,-1,0.38038
2024-02-15,180.0,183.6,177.0,180.0,-0.06,44217.0,7953254.1,0,0.029310000000000003
2024-02-18,180.0,181.0,175.5,175.5,-2.5,19485.0,3455186.3,-1,0.17381000000000002
2024-02-20,179.0,179.9,172.1,177.0,0.85,37839.0,6652462.3,-1,0.19696666666666668
2024-02-21,180.0,180.0,171.5,171.5,-3.11,42306.0,7328509.1,-1,-0.00495714285714285
2024-02-22,174.9,174.9,163.7,164.7,-3.97,43850.0,7343821.6,-1,0.30305
2024-02-25,167.0,167.0,148.3,153.0,-7.1,399097.0,61103607.0,-1,0.09867999999999999
2024-02-26,150.2,155.4,150.2,153.0,0.0,140231.0,21462902.0,1,0.24775
2024-02-27,155.0,155.0,151.1,153.0,0.0,103516.0,15840590.1,-1,0.17841
2024-02-28,153.1,154.3,148.0,149.0,-2.61,127699.0,19181536.8,-1,0.18666
2024-02-29,151.7,151.7,144.0,145.8,-2.15,154930.0,22709451.3,-1,0.13446
2024-03-03,145.0,148.0,141.2,144.3,-1.03,91297.0,13158082.6,-1,0.17589000000000002
2024-03-04,147.1,158.7,147.1,158.7,9.98,23093.0,3620592.3,1,0.13818999999999998
2024-03-05,161.8,161.8,150.0,150.5,-5.17,261799.0,40341100.2,-1,0.40676000000000007
2024-03-06,150.5,156.0,147.5,152.0,1.0,172763.0,26208097.4,1,0.36936
2024-03-07,154.9,155.9,152.6,153.5,0.99,136719.0,21056081.2,-1,0.48213
2024-03-10,155.0,156.5,152.8,153.5,0.0,115089.0,17766105.1,-1,0.21389
2024-03-12,156.5,158.0,153.0,156.5,1.95,155203.0,24096041.1,0,0.34467
2024-03-13,159.6,165.0,154.3,164.5,5.11,380704.0,61288434.6,1,0.24816
2024-03-14,163.0,178.0,163.0,168.7,2.55,443832.0,75182529.5,1,0.18338000000000002
2024-03-17,169.0,170.0,161.9,162.0,-3.97,208275.0,34352383.1,-1,0.22085999999999997
2024-03-18,163.9,165.0,160.2,163.5,0.93,167968.0,27262820.5,-1,0.2814
2024-03-19,166.5,166.7,160.4,160.5,-1.83,126112.0,20666335.6,-1,0.21955
2024-03-20,161.0,163.5,159.0,159.0,-0.93,119669.0,19222900.3,-1,0.14766
2024-03-21,156.3,162.0,154.9,155.1,-2.45,120241.0,18832228.9,-1,0.10547
2024-03-25,153.0,155.2,151.0,151.9,-2.06,102415.0,15637162.2,-1,0.15944999999999998
2024-03-26,153.9,157.6,152.2,156.0,2.7,85693.0,13293817.8,1,0.25324
2024-03-27,158.0,158.8,153.0,153.0,-1.92,57506.0,8877828.2,-1,-0.05399999999999999
2024-03-28,154.9,155.0,152.1,153.0,0.0,84674.0,12989746.4,-1,0.11303999999999999
2024-03-31,155.0,156.0,151.9,152.0,-0.65,84362.0,12933080.1,-1,0.23462
2024-04-01,152.0,154.0,150.0,151.0,-0.66,74981.0,11382357.3,-1,0.022840000000000017
2024-04-02,149.0,153.9,149.0,150.9,-0.07,39548.0,5973623.4,1,0.18972
2024-04-03,150.5,152.0,148.6,150.0,-0.6,59836.0,8976799.6,-1,0.02032000000000001
2024-04-04,151.9,151.9,148.0,150.0,0.0,82578.0,12303782.4,-1,0.21062000000000003
2024-04-07,150.0,152.0,149.0,152.0,1.33,87366.0,13139962.7,1,0.27637999999999996
2024-04-09,154.0,159.0,152.7,155.0,1.97,260140.0,40554158.1,1,0.0028200000000000005
2024-04-10,157.3,158.0,153.0,153.1,-1.23,96351.0,14936079.3,-1,0.11196999999999999
2024-04-14,153.0,156.0,151.0,155.0,1.24,112114.0,17328202.9,1,0.10714000000000001
2024-04-15,155.5,155.5,152.5,152.5,-1.61,78613.0,12086935.8,-1,-0.05863
2024-04-16,150.5,152.0,149.1,150.0,-1.64,53407.0,8031902.2,-1,0.26487
2024-04-18,150.0,153.0,148.0,149.0,-0.67,27189.0,4045019.9,-1,0.16646
2024-04-21,148.0,154.0,147.0,154.0,3.36,68954.0,10324254.6,1,0.15498
2024-04-22,155.0,155.0,149.0,150.0,-2.6,47696.0,7221291.7,-1,0.27273000000000003
2024-04-24,150.2,153.0,148.2,149.0,-0.67,39109.0,5880009.4,-1,0.38635
2024-04-25,149.9,151.0,148.0,148.1,-0.6,55116.0,8190450.4,-1,0.006969999999999999
2024-04-28,150.0,151.0,148.0,148.4,0.2,48387.0,7200462.5,-1,0.26438
2024-04-29,150.0,151.3,147.0,147.1,-0.88,48613.0,7189919.8,-1,0.27420999999999995
2024-04-30,147.1,156.0,147.0,151.0,2.65,91868.0,13851421.4,1,0.19741
2024-05-02,153.9,154.0,149.0,150.0,-0.66,38977.0,5888943.5,-1,0.19427
2024-05-05,150.0,150.0,146.0,146.3,-2.47,47215.0,6940485.9,-1,0.16723
2024-05-06,149.0,149.0,144.0,145.8,-0.34,43135.0,6265557.0,-1,0.23769
2024-05-07,147.0,147.0,143.6,144.1,-1.17,34809.0,5030252.5,-1,0.41059
2024-05-08,145.0,145.0,142.0,142.9,-0.83,23213.0,3313995.5,-1,0.19544999999999998
2024-05-09,144.5,144.5,141.7,143.9,0.7,42367.0,6035415.7,-1,0.27181
2024-05-12,146.6,146.7,142.0,142.4,-1.04,33144.0,4736035.3,-1,0.30765
2024-05-13,142.4,144.2,141.0,144.0,1.12,29183.0,4179569.6,1,0.19761
2024-05-14,146.8,150.5,143.3,148.2,2.92,77887.0,11426138.2,1,0.26113
2024-05-15,150.0,159.1,148.6,150.0,1.21,152799.0,23406566.8,0,0.22708
2024-05-16,152.0,154.8,149.1,150.0,0.0,67737.0,10288971.9,-1,0.09559
2024-05-19,150.0,152.9,147.0,151.8,1.2,59405.0,8925163.9,1,0.10149
2024-05-20,153.5,153.5,150.1,151.0,-0.53,112434.0,17014615.0,-1,0.17365
2024-05-21,151.1,155.0,149.0,153.9,1.92,123763.0,18895539.6,1,0.2287
2024-05-22,155.0,156.1,151.4,152.0,-1.23,94533.0,14537158.5,-1,0.09739
2024-05-26,155.0,155.0,148.1,148.1,-2.57,54475.0,8181364.1,-1,0.05551999999999999
2024-05-27,150.0,152.2,148.0,149.5,0.95,67993.0,10203061.0,-1,0.15765
2024-05-29,152.4,155.4,148.0,148.5,-0.67,57451.0,8611180.7,-1,0.13635
2024-05-30,151.4,151.4,146.2,147.0,-1.01,60362.0,8924974.4,-1,0.17922
2024-06-02,149.9,149.9,145.0,146.0,-0.68,59528.0,8697484.7,-1,0.28157
2024-06-03,148.0,149.9,145.3,146.9,0.62,34122.0,5003100.9,-1,0.41647999999999996
2024-06-04,149.8,149.8,144.0,144.9,-1.36,39476.0,5721383.6,-1,0.26729
2024-06-05,143.9,146.0,143.0,143.0,-1.31,40846.0,5869468.9,-1,-0.021970000000000007
2024-06-06,144.9,144.9,141.6,143.0,0.0,52674.0,7523673.2,-1,-0.07749000000000002
2024-06-09,145.0,145.0,142.0,142.9,-0.07,32429.0,4625303.0,-1,0.12482
2024-06-10,144.0,149.6,143.0,144.1,0.84,58332.0,8500422.7,1,0.04714999999999999
2024-06-11,146.0,150.0,145.1,148.8,3.26,86827.0,12868899.3,1,0.24445999999999998
2024-06-12,151.7,156.9,150.0,152.0,2.15,226502.0,34701842.2,1,0.20888999999999996
2024-06-13,154.0,154.0,149.0,151.7,-0.2,140962.0,21390311.2,-1,0.19191000000000003
2024-06-16,153.0,160.0,149.8,153.6,1.25,333157.0,51697572.5,1,0.03182
2024-06-18,153.0,156.0,150.5,151.0,-1.69,146316.0,22321518.9,-1,0.06255
2024-06-19,153.9,153.9,149.5,152.0,0.66,34835.0,5244830.8,-1,0.17913
2024-06-20,154.0,154.0,147.5,147.6,-2.89,66109.0,9830511.4,-1,0.048039999999999985
2024-06-23,147.8,150.0,147.0,148.4,0.54,68150.0,10084714.1,1,0.02041
2024-06-24,150.0,151.7,147.1,149.6,0.81,99272.0,14819602.3,-1,0.2084
2024-06-25,150.0,152.0,147.2,147.2,-1.6,78266.0,11705753.3,-1,0.20491
2024-06-26,150.1,150.1,146.8,147.0,-0.14,71979.0,10639248.4,-1,0.06465000000000001
2024-06-27,148.0,149.0,146.5,147.3,0.2,41835.0,6161950.9,-1,-0.08962
2024-06-30,147.3,148.0,145.3,145.3,-1.36,36212.0,5289179.6,-1,0.14187
2024-07-01,145.0,147.2,144.4,146.0,0.48,23850.0,3482656.2,1,0.07183999999999999
2024-07-02,148.9,157.8,147.0,150.5,3.08,113984.0,17187598.2,1,0.23442
2024-07-03,150.2,150.9,147.6,150.5,0.0,53506.0,8018777.1,1,0.17391
2024-07-04,153.5,153.5,148.4,149.0,-1.0,93876.0,14111854.0,-1,0.18192999999999998
2024-07-07,150.0,151.9,147.5,150.6,1.07,85434.0,12837549.1,1,0.11091000000000002
2024-07-08,151.0,152.1,149.0,149.6,-0.66,52649.0,7887559.1,-1,-0.09353
2024-07-09,151.8,151.8,148.0,148.5,-0.74,59782.0,8928716.0,-1,0.14181
2024-07-10,149.9,155.0,148.6,154.0,3.7,172182.0,26280479.5,1,0.15116000000000002
2024-07-11,156.0,159.6,153.0,158.8,3.12,306490.0,48153029.9,1,0.30193000000000003
2024-07-14,161.9,171.0,161.1,170.0,7.05,493392.0,82448519.9,1,0.2842625
2024-07-15,170.0,174.0,165.0,166.7,-1.94,403806.0,68314511.6,-1,0.23691
2024-07-16,168.0,181.9,165.0,181.0,8.58,754529.0,133000623.3,1,0.1111
2024-07-17,184.0,187.1,178.0,186.0,2.76,739487.0,136162713.1,1,0.11839999999999999
2024-07-18,189.7,192.4,180.0,182.0,-2.15,518025.0,95915319.0,-1,0.17382999999999998
2024-07-21,185.6,187.0,177.3,185.8,2.09,616911.0,112371424.8,1,0.25356
2024-07-22,189.0,198.5,179.9,193.2,3.98,685170.0,129436148.1,1,0.32587
2024-07-23,193.2,202.0,191.3,200.0,3.52,685015.0,136104686.8,1,0.13328
2024-07-24,203.9,214.0,198.0,205.0,2.5,869430.0,179619185.5,1,0.22743000000000002
2024-07-25,206.0,213.1,203.0,204.0,-0.49,552698.0,114380227.2,-1,0.15828
2024-07-28,208.0,214.0,196.9,206.0,0.98,457582.0,93402210.5,-1,0.10822000000000001
2024-07-29,210.1,214.0,201.7,203.0,-1.46,521994.0,108313646.8,-1,0.19659
2024-07-30,202.0,209.0,199.0,205.0,0.99,408477.0,83214210.3,1,0.28096
2024-07-31,200.9,225.5,200.9,222.0,8.29,1036316.0,225866917.3,1,0.33945
2024-08-01,223.0,229.0,215.3,218.0,-1.8,560831.0,124846978.5,-1,-0.06205000000000001
2024-08-05,218.0,227.0,211.0,220.0,0.92,565822.0,125060766.7,1,0.45487
2024-08-06,220.0,225.0,205.0,208.2,-5.36,611587.0,130995791.4,-1,0.18582
2024-08-07,207.0,217.7,207.0,215.5,3.51,402893.0,85919500.2,1,-0.06848000000000001
2024-08-08,217.0,225.0,215.0,216.0,0.23,542883.0,118632267.8,-1,0.07727
2024-08-11,217.0,234.8,215.2,234.2,8.43,905804.0,205374348.7,1,0.16591
2024-08-12,235.0,256.0,235.0,250.0,6.75,953333.0,232449402.7,1,0.4013
2024-08-13,255.0,265.0,240.1,249.0,-0.4,574728.0,143907974.0,-1,0.26501
2024-08-14,249.0,260.1,239.3,258.0,3.61,666793.0,165331866.5,1,0.22252
2024-08-15,263.0,283.0,260.0,270.0,4.65,839595.0,227642349.8,1,0.27559
2024-08-18,272.0,276.0,253.0,257.0,-4.81,719865.0,190560960.3,-1,-0.0003200000000000036
2024-08-21,260.0,270.0,255.8,259.0,0.78,470356.0,123164077.0,-1,0.1610875
2024-08-22,264.1,269.0,255.8,255.8,-1.24,369282.0,96364835.6,-1,0.29904000000000003
2024-08-25,256.0,270.2,254.0,255.0,-0.31,724121.0,188658823.4,-1,0.29537
2024-08-27,252.0,259.0,233.1,236.0,-7.45,554755.0,134858796.4,-1,0.19138
2024-08-28,238.7,250.9,234.3,239.9,1.65,380632.0,92457962.8,1,0.26322
2024-08-29,244.0,244.6,230.0,234.0,-2.46,222066.0,52117713.0,-1,0.06276
2024-09-01,238.5,242.2,222.0,224.2,-4.19,237067.0,54069078.8,-1,0.2503
2024-09-02,228.6,243.5,221.7,242.2,8.03,394518.0,92894016.3,1,0.20419
2024-09-03,246.0,253.0,241.0,243.0,0.33,307716.0,75847708.7,-1,0.36249
2024-09-04,247.8,247.8,228.0,233.0,-4.12,218947.0,51467094.7,-1,-0.0347
2024-09-05,237.0,237.0,222.0,230.0,-1.29,210079.0,47889016.8,-1,0.12122
2024-09-08,232.6,235.0,223.0,224.8,-2.26,149447.0,34226553.6,-1,0.24603000000000003
2024-09-09,229.2,229.2,217.6,219.1,-2.54,221238.0,48920205.1,-1,0.2097
2024-09-10,219.1,231.0,212.9,214.1,-2.28,196877.0,43090984.8,-1,0.021660000000000002
2024-09-11,218.3,218.3,208.2,209.9,-1.96,174059.0,36911518.0,-1,0.047760000000000004
2024-09-12,208.0,228.9,208.0,225.0,7.19,188381.0,41217632.3,1,0.145
2024-09-15,227.5,234.0,214.0,216.0,-4.0,285372.0,64358681.4,-1,0.018299999999999997
2024-09-16,216.1,219.9,209.2,211.5,-2.08,194548.0,41415768.1,-1,0.17900999999999997
2024-09-18,212.0,216.9,209.0,211.5,0.0,138744.0,29440079.4,-1,0.28493
2024-09-22,214.0,224.4,211.0,214.5,1.42,136847.0,29389055.7,1,0.20389
2024-09-23,211.0,214.5,201.0,208.0,-3.03,153388.0,31924501.1,-1,0.09723
2024-09-24,211.0,211.0,198.3,199.1,-4.28,152060.0,30907278.5,-1,0.09498
2024-09-25,201.0,210.0,196.3,208.0,4.47,130861.0,26687943.5,1,0.2899
2024-09-26,208.0,211.0,199.0,200.1,-3.8,91166.0,18525794.7,-1,0.23024
2024-09-29,196.1,203.0,193.5,195.5,-2.3,106125.0,20927872.8,-1,0.11171
2024-09-30,196.0,201.0,194.6,200.0,2.3,95256.0,18802427.0,1,0.15159
2024-10-01,203.0,219.3,200.2,219.0,9.5,223230.0,47098082.9,1,0.19562
2024-10-02,223.3,223.3,212.0,213.3,-2.6,196130.0,42443134.1,-1,0.25505
2024-10-06,213.1,222.0,210.0,220.1,3.19,125525.0,27230424.8,1,0.14622
2024-10-07,223.0,227.0,220.4,223.9,1.73,145568.0,32504433.7,1,0.13859
2024-10-08,222.1,224.0,215.0,216.0,-3.53,89737.0,19578605.4,-1,0.38315
2024-10-09,218.9,220.2,213.1,220.0,1.85,79246.0,17251179.8,1,0.22281
2024-10-15,223.0,224.0,220.0,223.8,1.73,48511.0,10764904.3,1,0.6024
2024-10-16,225.0,233.0,222.0,230.0,2.77,167943.0,38589483.4,1,0.2693
2024-10-17,230.0,235.0,225.5,227.0,-1.3,140341.0,32422144.5,-1,0.06598000000000001
2024-10-20,222.5,229.0,218.0,222.0,-2.2,193108.0,43015797.8,-1,0.18077000000000001
2024-10-21,226.4,226.4,215.1,215.8,-2.79,174003.0,37908474.4,-1,0.27227
2024-10-22,214.0,220.0,214.0,219.6,1.76,74701.0,16258344.2,1,-0.021620000000000007
2024-10-23,222.0,222.0,215.7,218.9,-0.32,96979.0,21097976.7,-1,0.23764000000000002
2024-10-24,216.0,222.0,215.0,217.0,-0.87,102016.0,22244587.1,1,0.08612
2024-10-27,221.3,222.0,216.0,219.0,0.92,97423.0,21288088.9,-1,0.26334
2024-10-28,223.0,223.4,219.6,222.3,1.51,87189.0,19343553.5,-1,0.034339999999999996
2024-10-29,226.7,230.0,223.0,225.2,1.3,181743.0,41170529.6,-1,0.14194
2024-10-30,220.7,230.0,220.7,223.0,-0.98,81025.0,18235225.3,1,-0.01794
2024-11-05,218.6,225.8,218.6,221.0,-0.9,45600.0,10136165.7,1,0.19794
2024-11-06,223.0,224.0,219.0,223.6,1.18,75085.0,16601678.0,1,0.36734999999999995
2024-11-10,228.0,237.0,224.0,237.0,5.99,270724.0,62743480.9,1,0.21484
2024-11-11,241.0,244.0,230.0,234.0,-1.27,242450.0,57665002.8,-1,0.36639
2024-11-12,238.6,238.6,229.2,231.0,-1.28,140982.0,32924233.6,-1,0.10759
2024-11-13,226.4,235.5,226.0,228.0,-1.3,111406.0,25488626.2,1,0.48276
2024-11-14,231.0,233.8,228.0,229.5,0.66,176583.0,40709184.0,-1,0.28273000000000004
2024-11-17,234.0,237.6,229.6,230.1,0.26,154854.0,36213566.3,-1,0.27639
2024-11-19,226.5,233.0,223.0,224.0,-2.65,174237.0,39480562.6,-1,0.07459999999999999
2024-11-20,220.0,227.0,220.0,225.1,0.49,94418.0,21199575.9,1,0.23975
2024-11-21,229.6,229.6,221.5,221.9,-1.42,130105.0,29254597.6,-1,0.12581
2024-11-24,226.3,226.3,217.7,218.0,-1.76,108803.0,23971707.9,-1,0.21919
2024-11-25,213.8,224.0,213.8,219.5,0.69,61276.0,13477685.7,1,0.26483999999999996
2024-11-26,223.8,228.2,220.0,225.0,2.51,112809.0,25143732.2,1,0.17463
2024-11-27,228.4,230.0,224.0,227.5,1.11,105281.0,23950882.1,-1,0.17748000000000003
2024-11-28,230.0,230.0,223.3,223.4,-1.8,108308.0,24397341.9,-1,0.04158
2024-12-01,219.1,223.9,218.0,222.0,-0.63,109984.0,24256653.9,1,0.10500000000000001
2024-12-02,224.5,227.4,221.3,222.0,0.0,122496.0,27533499.9,-1,0.21866000000000002
2024-12-03,226.4,230.0,223.0,228.5,2.93,347112.0,78995383.7,1,0.26734
2024-12-04,233.0,237.5,227.0,230.3,0.79,273971.0,63891527.5,-1,0.19785999999999998
2024-12-05,234.8,234.8,224.0,225.0,-2.3,118793.0,26972615.2,-1,0.17366
2024-12-08,229.5,229.5,219.0,220.0,-2.22,117261.0,25952528.9,-1,0.01558000000000001
2024-12-09,215.6,224.2,215.6,220.0,0.0,67218.0,14787238.6,1,0.07748999999999999
2024-12-10,220.0,223.0,218.0,219.5,-0.23,70096.0,15392465.7,-1,0.4519
2024-12-11,220.0,222.8,218.0,222.0,1.14,52719.0,11643136.8,1,0.41935
2024-12-12,222.1,224.3,218.0,218.2,-1.71,59197.0,13025735.3,-1,0.22734000000000001
2024-12-16,220.0,220.0,212.0,214.0,-1.92,109886.0,23586786.4,-1,0.09381999999999999
2024-12-17,212.3,215.2,212.0,213.0,-0.47,34191.0,7302799.9,1,0.35537
2024-12-18,215.0,215.0,210.7,211.4,-0.75,49695.0,10526719.8,-1,0.19702
2024-12-19,210.1,213.0,206.0,206.8,-2.18,73425.0,15290867.4,-1,0.15261000000000002
2024-12-22,206.0,207.9,203.0,204.0,-1.35,73623.0,15095785.6,-1,0.04226
2024-12-23,203.0,208.2,202.0,207.8,1.86,64849.0,13331825.4,1,0.20638
2024-12-24,209.5,212.4,208.0,208.4,0.29,69023.0,14476861.7,-1,0.22522999999999999
2024-12-26,208.0,209.0,205.0,206.6,-0.86,43522.0,9013142.2,-1,0.54562
2024-12-29,203.2,207.2,203.2,204.0,-1.26,44707.0,9156509.4,1,0.1264
2024-12-31,204.0,204.0,197.0,199.0,-2.45,106637.0,21258691.9,-1,0.03622000000000001
2025-01-01,201.0,203.9,199.3,200.6,0.8,32014.0,6457910.1,-1,0.2279
2025-01-02,200.0,204.6,200.0,201.0,0.2,37939.0,7662419.3,1,0.2681
2025-01-05,203.0,204.0,202.0,203.5,1.24,46043.0,9361825.7,1,0.14967000000000003
2025-01-06,205.0,216.2,205.0,214.0,5.16,125060.0,26382013.6,1,0.199525
2025-01-07,214.0,218.0,212.1,214.0,0.0,83593.0,17992870.1,0,0.1461
